word_id,english,japanese,grade_level,category_id,category_name,pronunciation,example_en,example_ja,difficulty,active
G1-001,apple,りんご,1,fruit,果物,,I know apple.,私は「りんご」を知っています。,easy,true
G1-002,car,車,1,vehicle,乗り物,,I know car.,私は「車」を知っています。,easy,true
G1-003,red,赤,1,color,色,,I know red.,私は「赤」を知っています。,easy,true
G1-004,dog,犬,1,animal,動物,,I know dog.,私は「犬」を知っています。,easy,true
G1-005,rice,ごはん,1,food,食べ物,,I know rice.,私は「ごはん」を知っています。,easy,true
G1-006,mother,母,1,family,家族,,I know mother.,私は「母」を知っています。,easy,true
G1-007,school,学校,1,school,学校,,I know school.,私は「学校」を知っています。,easy,true
G1-008,Monday,月曜日,1,day_week,曜日,,I know Monday.,私は「月曜日」を知っています。,easy,true
G1-009,sunny,晴れ,1,weather,天気,,I know sunny.,私は「晴れ」を知っています。,easy,true
G1-010,head,頭,1,body,体,,I know head.,私は「頭」を知っています。,easy,true
G1-011,house,家,1,house,家の中,,I know house.,私は「家」を知っています。,easy,true
G1-012,doctor,医者,1,job,職業,,I know doctor.,私は「医者」を知っています。,easy,true
G1-013,happy,うれしい,1,feeling,気持ち,,I know happy.,私は「うれしい」を知っています。,easy,true
G1-014,friend,友だち,1,daily_life,日常生活,,I know friend.,私は「友だち」を知っています。,easy,true
G1-015,banana,バナナ,1,fruit,果物,,I know banana.,私は「バナナ」を知っています。,easy,true
G1-016,bus,バス,1,vehicle,乗り物,,I know bus.,私は「バス」を知っています。,easy,true
G1-017,blue,青,1,color,色,,I know blue.,私は「青」を知っています。,easy,true
G1-018,cat,ねこ,1,animal,動物,,I know cat.,私は「ねこ」を知っています。,easy,true
G1-019,bread,パン,1,food,食べ物,,I know bread.,私は「パン」を知っています。,easy,true
G1-020,father,父,1,family,家族,,I know father.,私は「父」を知っています。,easy,true
G1-021,book,本,1,school,学校,,I know book.,私は「本」を知っています。,easy,true
G1-022,Tuesday,火曜日,1,day_week,曜日,,I know Tuesday.,私は「火曜日」を知っています。,easy,true
G1-023,rainy,雨,1,weather,天気,,I know rainy.,私は「雨」を知っています。,easy,true
G1-024,face,顔,1,body,体,,I know face.,私は「顔」を知っています。,easy,true
G1-025,room,部屋,1,house,家の中,,I know room.,私は「部屋」を知っています。,easy,true
G1-026,teacher,先生,1,job,職業,,I know teacher.,私は「先生」を知っています。,easy,true
G1-027,sad,悲しい,1,feeling,気持ち,,I know sad.,私は「悲しい」を知っています。,easy,true
G1-028,game,ゲーム,1,daily_life,日常生活,,I know game.,私は「ゲーム」を知っています。,easy,true
G1-029,orange,オレンジ,1,fruit,果物,,I know orange.,私は「オレンジ」を知っています。,easy,true
G1-030,train,電車,1,vehicle,乗り物,,I know train.,私は「電車」を知っています。,easy,true
G1-031,green,緑,1,color,色,,I know green.,私は「緑」を知っています。,easy,true
G1-032,bird,鳥,1,animal,動物,,I know bird.,私は「鳥」を知っています。,easy,true
G1-033,milk,牛乳,1,food,食べ物,,I know milk.,私は「牛乳」を知っています。,easy,true
G1-034,sister,姉妹,1,family,家族,,I know sister.,私は「姉妹」を知っています。,easy,true
G1-035,pencil,鉛筆,1,school,学校,,I know pencil.,私は「鉛筆」を知っています。,easy,true
G1-036,Wednesday,水曜日,1,day_week,曜日,,I know Wednesday.,私は「水曜日」を知っています。,easy,true
G1-037,cloudy,くもり,1,weather,天気,,I know cloudy.,私は「くもり」を知っています。,easy,true
G1-038,eye,目,1,body,体,,I know eye.,私は「目」を知っています。,easy,true
G1-039,kitchen,台所,1,house,家の中,,I know kitchen.,私は「台所」を知っています。,easy,true
G1-040,artist,芸術家,1,job,職業,,I know artist.,私は「芸術家」を知っています。,easy,true
G1-041,angry,怒った,1,feeling,気持ち,,I know angry.,私は「怒った」を知っています。,easy,true
G1-042,music,音楽,1,daily_life,日常生活,,I know music.,私は「音楽」を知っています。,easy,true
G1-043,grape,ぶどう,1,fruit,果物,,I know grape.,私は「ぶどう」を知っています。,easy,true
G1-044,bike,自転車,1,vehicle,乗り物,,I know bike.,私は「自転車」を知っています。,easy,true
G1-045,yellow,黄色,1,color,色,,I know yellow.,私は「黄色」を知っています。,easy,true
G1-046,fish,魚,1,animal,動物,,I know fish.,私は「魚」を知っています。,easy,true
G1-047,egg,卵,1,food,食べ物,,I know egg.,私は「卵」を知っています。,easy,true
G1-048,brother,兄弟,1,family,家族,,I know brother.,私は「兄弟」を知っています。,easy,true
G1-049,pen,ペン,1,school,学校,,I know pen.,私は「ペン」を知っています。,easy,true
G1-050,Thursday,木曜日,1,day_week,曜日,,I know Thursday.,私は「木曜日」を知っています。,easy,true
G1-051,windy,風が強い,1,weather,天気,,I know windy.,私は「風が強い」を知っています。,easy,true
G1-052,ear,耳,1,body,体,,I know ear.,私は「耳」を知っています。,easy,true
G1-053,bedroom,寝室,1,house,家の中,,I know bedroom.,私は「寝室」を知っています。,easy,true
G1-054,engineer,技術者,1,job,職業,,I know engineer.,私は「技術者」を知っています。,easy,true
G1-055,tired,疲れた,1,feeling,気持ち,,I know tired.,私は「疲れた」を知っています。,easy,true
G1-056,sport,スポーツ,1,daily_life,日常生活,,I know sport.,私は「スポーツ」を知っています。,easy,true
G1-057,melon,メロン,1,fruit,果物,,I know melon.,私は「メロン」を知っています。,easy,true
G1-058,ship,船,1,vehicle,乗り物,,I know ship.,私は「船」を知っています。,easy,true
G1-059,black,黒,1,color,色,,I know black.,私は「黒」を知っています。,easy,true
G1-060,rabbit,うさぎ,1,animal,動物,,I know rabbit.,私は「うさぎ」を知っています。,easy,true
G1-061,cheese,チーズ,1,food,食べ物,,I know cheese.,私は「チーズ」を知っています。,easy,true
G1-062,grandmother,祖母,1,family,家族,,I know grandmother.,私は「祖母」を知っています。,easy,true
G1-063,eraser,消しゴム,1,school,学校,,I know eraser.,私は「消しゴム」を知っています。,easy,true
G1-064,Friday,金曜日,1,day_week,曜日,,I know Friday.,私は「金曜日」を知っています。,easy,true
G1-065,snowy,雪,1,weather,天気,,I know snowy.,私は「雪」を知っています。,easy,true
G1-066,nose,鼻,1,body,体,,I know nose.,私は「鼻」を知っています。,easy,true
G1-067,bathroom,浴室,1,house,家の中,,I know bathroom.,私は「浴室」を知っています。,easy,true
G1-068,nurse,看護師,1,job,職業,,I know nurse.,私は「看護師」を知っています。,easy,true
G1-069,sleepy,眠い,1,feeling,気持ち,,I know sleepy.,私は「眠い」を知っています。,easy,true
G1-070,club,クラブ,1,daily_life,日常生活,,I know club.,私は「クラブ」を知っています。,easy,true
G1-071,peach,もも,1,fruit,果物,,I know peach.,私は「もも」を知っています。,easy,true
G1-072,plane,飛行機,1,vehicle,乗り物,,I know plane.,私は「飛行機」を知っています。,easy,true
G1-073,white,白,1,color,色,,I know white.,私は「白」を知っています。,easy,true
G1-074,horse,馬,1,animal,動物,,I know horse.,私は「馬」を知っています。,easy,true
G1-075,meat,肉,1,food,食べ物,,I know meat.,私は「肉」を知っています。,easy,true
G1-076,grandfather,祖父,1,family,家族,,I know grandfather.,私は「祖父」を知っています。,easy,true
G1-077,ruler,ものさし,1,school,学校,,I know ruler.,私は「ものさし」を知っています。,easy,true
G1-078,Saturday,土曜日,1,day_week,曜日,,I know Saturday.,私は「土曜日」を知っています。,easy,true
G1-079,hot,暑い,1,weather,天気,,I know hot.,私は「暑い」を知っています。,easy,true
G1-080,mouth,口,1,body,体,,I know mouth.,私は「口」を知っています。,easy,true
G1-081,door,ドア,1,house,家の中,,I know door.,私は「ドア」を知っています。,easy,true
G1-082,farmer,農家,1,job,職業,,I know farmer.,私は「農家」を知っています。,easy,true
G1-083,hungry,おなかがすいた,1,feeling,気持ち,,I know hungry.,私は「おなかがすいた」を知っています。,easy,true
G1-084,birthday,誕生日,1,daily_life,日常生活,,I know birthday.,私は「誕生日」を知っています。,easy,true
G1-085,pear,なし,1,fruit,果物,,I know pear.,私は「なし」を知っています。,easy,true
G1-086,truck,トラック,1,vehicle,乗り物,,I know truck.,私は「トラック」を知っています。,easy,true
G1-087,pink,ピンク,1,color,色,,I know pink.,私は「ピンク」を知っています。,easy,true
G1-088,cow,牛,1,animal,動物,,I know cow.,私は「牛」を知っています。,easy,true
G1-089,chicken,鶏肉,1,food,食べ物,,I know chicken.,私は「鶏肉」を知っています。,easy,true
G1-090,aunt,おば,1,family,家族,,I know aunt.,私は「おば」を知っています。,easy,true
G1-091,notebook,ノート,1,school,学校,,I know notebook.,私は「ノート」を知っています。,easy,true
G1-092,Sunday,日曜日,1,day_week,曜日,,I know Sunday.,私は「日曜日」を知っています。,easy,true
G1-093,cold,寒い,1,weather,天気,,I know cold.,私は「寒い」を知っています。,easy,true
G1-094,tooth,歯,1,body,体,,I know tooth.,私は「歯」を知っています。,easy,true
G1-095,window,窓,1,house,家の中,,I know window.,私は「窓」を知っています。,easy,true
G1-096,driver,運転手,1,job,職業,,I know driver.,私は「運転手」を知っています。,easy,true
G1-097,thirsty,のどが渇いた,1,feeling,気持ち,,I know thirsty.,私は「のどが渇いた」を知っています。,easy,true
G1-098,holiday,休日,1,daily_life,日常生活,,I know holiday.,私は「休日」を知っています。,easy,true
G1-099,lemon,レモン,1,fruit,果物,,I know lemon.,私は「レモン」を知っています。,easy,true
G1-100,taxi,タクシー,1,vehicle,乗り物,,I know taxi.,私は「タクシー」を知っています。,easy,true
G1-101,purple,紫,1,color,色,,I know purple.,私は「紫」を知っています。,easy,true
G1-102,pig,ぶた,1,animal,動物,,I know pig.,私は「ぶた」を知っています。,easy,true
G1-103,fish,魚,1,food,食べ物,,I know fish.,私は「魚」を知っています。,easy,true
G1-104,uncle,おじ,1,family,家族,,I know uncle.,私は「おじ」を知っています。,easy,true
G1-105,desk,机,1,school,学校,,I know desk.,私は「机」を知っています。,easy,true
G1-106,today,今日,1,day_week,曜日,,I know today.,私は「今日」を知っています。,easy,true
G1-107,warm,暖かい,1,weather,天気,,I know warm.,私は「暖かい」を知っています。,easy,true
G1-108,hand,手,1,body,体,,I know hand.,私は「手」を知っています。,easy,true
G1-109,floor,床,1,house,家の中,,I know floor.,私は「床」を知っています。,easy,true
G1-110,pilot,パイロット,1,job,職業,,I know pilot.,私は「パイロット」を知っています。,easy,true
G1-111,scared,こわい,1,feeling,気持ち,,I know scared.,私は「こわい」を知っています。,easy,true
G1-112,money,お金,1,daily_life,日常生活,,I know money.,私は「お金」を知っています。,easy,true
G1-113,cherry,さくらんぼ,1,fruit,果物,,I know cherry.,私は「さくらんぼ」を知っています。,easy,true
G1-114,boat,ボート,1,vehicle,乗り物,,I know boat.,私は「ボート」を知っています。,easy,true
G1-115,brown,茶色,1,color,色,,I know brown.,私は「茶色」を知っています。,easy,true
G1-116,sheep,羊,1,animal,動物,,I know sheep.,私は「羊」を知っています。,easy,true
G1-117,soup,スープ,1,food,食べ物,,I know soup.,私は「スープ」を知っています。,easy,true
G1-118,cousin,いとこ,1,family,家族,,I know cousin.,私は「いとこ」を知っています。,easy,true
G1-119,chair,いす,1,school,学校,,I know chair.,私は「いす」を知っています。,easy,true
G1-120,tomorrow,明日,1,day_week,曜日,,I know tomorrow.,私は「明日」を知っています。,easy,true
G1-121,cool,涼しい,1,weather,天気,,I know cool.,私は「涼しい」を知っています。,easy,true
G1-122,finger,指,1,body,体,,I know finger.,私は「指」を知っています。,easy,true
G1-123,wall,壁,1,house,家の中,,I know wall.,私は「壁」を知っています。,easy,true
G1-124,cook,料理人,1,job,職業,,I know cook.,私は「料理人」を知っています。,easy,true
G1-125,excited,わくわくした,1,feeling,気持ち,,I know excited.,私は「わくわくした」を知っています。,easy,true
G1-126,ticket,切符,1,daily_life,日常生活,,I know ticket.,私は「切符」を知っています。,easy,true
G1-127,strawberry,いちご,1,fruit,果物,,I know strawberry.,私は「いちご」を知っています。,easy,true
G1-128,subway,地下鉄,1,vehicle,乗り物,,I know subway.,私は「地下鉄」を知っています。,easy,true
G1-129,orange,オレンジ色,1,color,色,,I know orange.,私は「オレンジ色」を知っています。,easy,true
G1-130,goat,やぎ,1,animal,動物,,I know goat.,私は「やぎ」を知っています。,easy,true
G1-131,salad,サラダ,1,food,食べ物,,I know salad.,私は「サラダ」を知っています。,easy,true
G1-132,baby,赤ちゃん,1,family,家族,,I know baby.,私は「赤ちゃん」を知っています。,easy,true
G1-133,classroom,教室,1,school,学校,,I know classroom.,私は「教室」を知っています。,easy,true
G1-134,yesterday,昨日,1,day_week,曜日,,I know yesterday.,私は「昨日」を知っています。,easy,true
G1-135,storm,嵐,1,weather,天気,,I know storm.,私は「嵐」を知っています。,easy,true
G1-136,arm,腕,1,body,体,,I know arm.,私は「腕」を知っています。,easy,true
G1-137,roof,屋根,1,house,家の中,,I know roof.,私は「屋根」を知っています。,easy,true
G1-138,singer,歌手,1,job,職業,,I know singer.,私は「歌手」を知っています。,easy,true
G1-139,nervous,緊張した,1,feeling,気持ち,,I know nervous.,私は「緊張した」を知っています。,easy,true
G1-140,phone,電話,1,daily_life,日常生活,,I know phone.,私は「電話」を知っています。,easy,true
G1-141,pineapple,パイナップル,1,fruit,果物,,I know pineapple.,私は「パイナップル」を知っています。,easy,true
G1-142,scooter,スクーター,1,vehicle,乗り物,,I know scooter.,私は「スクーター」を知っています。,easy,true
G1-143,gray,灰色,1,color,色,,I know gray.,私は「灰色」を知っています。,easy,true
G1-144,lion,ライオン,1,animal,動物,,I know lion.,私は「ライオン」を知っています。,easy,true
G1-145,cake,ケーキ,1,food,食べ物,,I know cake.,私は「ケーキ」を知っています。,easy,true
G1-146,parent,親,1,family,家族,,I know parent.,私は「親」を知っています。,easy,true
G1-147,teacher,先生,1,school,学校,,I know teacher.,私は「先生」を知っています。,easy,true
G1-148,morning,朝,1,day_week,曜日,,I know morning.,私は「朝」を知っています。,easy,true
G1-149,rain,雨,1,weather,天気,,I know rain.,私は「雨」を知っています。,easy,true
G1-150,leg,脚,1,body,体,,I know leg.,私は「脚」を知っています。,easy,true
G1-151,bed,ベッド,1,house,家の中,,I know bed.,私は「ベッド」を知っています。,easy,true
G1-152,writer,作家,1,job,職業,,I know writer.,私は「作家」を知っています。,easy,true
G1-153,proud,誇らしい,1,feeling,気持ち,,I know proud.,私は「誇らしい」を知っています。,easy,true
G1-154,photo,写真,1,daily_life,日常生活,,I know photo.,私は「写真」を知っています。,easy,true
G1-155,kiwi,キウイ,1,fruit,果物,,I know kiwi.,私は「キウイ」を知っています。,easy,true
G1-156,helicopter,ヘリコプター,1,vehicle,乗り物,,I know helicopter.,私は「ヘリコプター」を知っています。,easy,true
G1-157,gold,金色,1,color,色,,I know gold.,私は「金色」を知っています。,easy,true
G1-158,tiger,トラ,1,animal,動物,,I know tiger.,私は「トラ」を知っています。,easy,true
G1-159,cookie,クッキー,1,food,食べ物,,I know cookie.,私は「クッキー」を知っています。,easy,true
G1-160,child,子ども,1,family,家族,,I know child.,私は「子ども」を知っています。,easy,true
G1-161,student,生徒,1,school,学校,,I know student.,私は「生徒」を知っています。,easy,true
G1-162,afternoon,午後,1,day_week,曜日,,I know afternoon.,私は「午後」を知っています。,easy,true
G1-163,snow,雪,1,weather,天気,,I know snow.,私は「雪」を知っています。,easy,true
G1-164,foot,足,1,body,体,,I know foot.,私は「足」を知っています。,easy,true
G1-165,table,テーブル,1,house,家の中,,I know table.,私は「テーブル」を知っています。,easy,true
G1-166,police officer,警察官,1,job,職業,,I know police officer.,私は「警察官」を知っています。,easy,true
G1-167,bored,退屈な,1,feeling,気持ち,,I know bored.,私は「退屈な」を知っています。,easy,true
G1-168,letter,手紙,1,daily_life,日常生活,,I know letter.,私は「手紙」を知っています。,easy,true
G1-169,mango,マンゴー,1,fruit,果物,,I know mango.,私は「マンゴー」を知っています。,easy,true
G1-170,rocket,ロケット,1,vehicle,乗り物,,I know rocket.,私は「ロケット」を知っています。,easy,true
G1-171,silver,銀色,1,color,色,,I know silver.,私は「銀色」を知っています。,easy,true
G1-172,bear,くま,1,animal,動物,,I know bear.,私は「くま」を知っています。,easy,true
G1-173,pizza,ピザ,1,food,食べ物,,I know pizza.,私は「ピザ」を知っています。,easy,true
G1-174,family,家族,1,family,家族,,I know family.,私は「家族」を知っています。,easy,true
G1-175,homework,宿題,1,school,学校,,I know homework.,私は「宿題」を知っています。,easy,true
G1-176,evening,夕方,1,day_week,曜日,,I know evening.,私は「夕方」を知っています。,easy,true
G1-177,wind,風,1,weather,天気,,I know wind.,私は「風」を知っています。,easy,true
G1-178,shoulder,肩,1,body,体,,I know shoulder.,私は「肩」を知っています。,easy,true
G1-179,sofa,ソファ,1,house,家の中,,I know sofa.,私は「ソファ」を知っています。,easy,true
G1-180,firefighter,消防士,1,job,職業,,I know firefighter.,私は「消防士」を知っています。,easy,true
G1-181,calm,落ち着いた,1,feeling,気持ち,,I know calm.,私は「落ち着いた」を知っています。,easy,true
G1-182,bag,かばん,1,daily_life,日常生活,,I know bag.,私は「かばん」を知っています。,easy,true
G1-183,plum,すもも,1,fruit,果物,,I know plum.,私は「すもも」を知っています。,easy,true
G1-184,van,バン,1,vehicle,乗り物,,I know van.,私は「バン」を知っています。,easy,true
G1-185,navy,紺色,1,color,色,,I know navy.,私は「紺色」を知っています。,easy,true
G1-186,monkey,さる,1,animal,動物,,I know monkey.,私は「さる」を知っています。,easy,true
G1-187,noodle,めん,1,food,食べ物,,I know noodle.,私は「めん」を知っています。,easy,true
G1-188,daughter,娘,1,family,家族,,I know daughter.,私は「娘」を知っています。,easy,true
G1-189,question,質問,1,school,学校,,I know question.,私は「質問」を知っています。,easy,true
G1-190,night,夜,1,day_week,曜日,,I know night.,私は「夜」を知っています。,easy,true
G1-191,sky,空,1,weather,天気,,I know sky.,私は「空」を知っています。,easy,true
G1-192,knee,ひざ,1,body,体,,I know knee.,私は「ひざ」を知っています。,easy,true
G1-193,lamp,ランプ,1,house,家の中,,I know lamp.,私は「ランプ」を知っています。,easy,true
G1-194,dentist,歯医者,1,job,職業,,I know dentist.,私は「歯医者」を知っています。,easy,true
G1-195,lonely,さみしい,1,feeling,気持ち,,I know lonely.,私は「さみしい」を知っています。,easy,true
G1-196,umbrella,傘,1,daily_life,日常生活,,I know umbrella.,私は「傘」を知っています。,easy,true
G1-197,fig,いちじく,1,fruit,果物,,I know fig.,私は「いちじく」を知っています。,easy,true
G1-198,ambulance,救急車,1,vehicle,乗り物,,I know ambulance.,私は「救急車」を知っています。,easy,true
G1-199,beige,ベージュ,1,color,色,,I know beige.,私は「ベージュ」を知っています。,easy,true
G1-200,panda,パンダ,1,animal,動物,,I know panda.,私は「パンダ」を知っています。,easy,true
G1-201,sandwich,サンドイッチ,1,food,食べ物,,I know sandwich.,私は「サンドイッチ」を知っています。,easy,true
G1-202,son,息子,1,family,家族,,I know son.,私は「息子」を知っています。,easy,true
G1-203,lesson,授業,1,school,学校,,I know lesson.,私は「授業」を知っています。,easy,true
G1-204,week,週,1,day_week,曜日,,I know week.,私は「週」を知っています。,easy,true
G1-205,cloud,雲,1,weather,天気,,I know cloud.,私は「雲」を知っています。,easy,true
G1-206,heart,心臓,1,body,体,,I know heart.,私は「心臓」を知っています。,easy,true
G1-207,clock,時計,1,house,家の中,,I know clock.,私は「時計」を知っています。,easy,true
G1-208,scientist,科学者,1,job,職業,,I know scientist.,私は「科学者」を知っています。,easy,true
G1-209,surprised,驚いた,1,feeling,気持ち,,I know surprised.,私は「驚いた」を知っています。,easy,true
G1-210,key,鍵,1,daily_life,日常生活,,I know key.,私は「鍵」を知っています。,easy,true
G1-211,big apple,大きいりんご,1,fruit,果物,,I know big apple.,私は「大きいりんご」を知っています。,easy,true
G1-212,toy car,おもちゃの車,1,vehicle,乗り物,,I know toy car.,私は「おもちゃの車」を知っています。,easy,true
G1-213,light red,明るい赤,1,color,色,,I know light red.,私は「明るい赤」を知っています。,easy,true
G1-214,elephant,ぞう,1,animal,動物,,I know elephant.,私は「ぞう」を知っています。,easy,true
G1-215,curry,カレー,1,food,食べ物,,I know curry.,私は「カレー」を知っています。,easy,true
G1-216,big mother,大きい母,1,family,家族,,I know big mother.,私は「大きい母」を知っています。,easy,true
G1-217,test,テスト,1,school,学校,,I know test.,私は「テスト」を知っています。,easy,true
G1-218,Monday morning,月曜日の朝,1,day_week,曜日,,I know Monday morning.,私は「月曜日の朝」を知っています。,easy,true
G1-219,today is sunny,今日は晴れ,1,weather,天気,,I know today is sunny.,私は「今日は晴れ」を知っています。,easy,true
G1-220,hair,髪,1,body,体,,I know hair.,私は「髪」を知っています。,easy,true
G1-221,garden,庭,1,house,家の中,,I know garden.,私は「庭」を知っています。,easy,true
G1-222,school doctor,学校の医者,1,job,職業,,I know school doctor.,私は「学校の医者」を知っています。,easy,true
G1-223,very happy,とてもうれしい,1,feeling,気持ち,,I know very happy.,私は「とてもうれしい」を知っています。,easy,true
G1-224,future,未来,1,daily_life,日常生活,,I know future.,私は「未来」を知っています。,easy,true
G1-225,big banana,大きいバナナ,1,fruit,果物,,I know big banana.,私は「大きいバナナ」を知っています。,easy,true
G1-226,model car,模型の車,1,vehicle,乗り物,,I know model car.,私は「模型の車」を知っています。,easy,true
G1-227,dark red,濃い赤,1,color,色,,I know dark red.,私は「濃い赤」を知っています。,easy,true
G1-228,giraffe,キリン,1,animal,動物,,I know giraffe.,私は「キリン」を知っています。,easy,true
G1-229,tea,お茶,1,food,食べ物,,I know tea.,私は「お茶」を知っています。,easy,true
G1-230,big father,大きい父,1,family,家族,,I know big father.,私は「大きい父」を知っています。,easy,true
G1-231,map,地図,1,school,学校,,I know map.,私は「地図」を知っています。,easy,true
G1-232,Monday afternoon,月曜日の午後,1,day_week,曜日,,I know Monday afternoon.,私は「月曜日の午後」を知っています。,easy,true
G1-233,tomorrow is sunny,明日は晴れ,1,weather,天気,,I know tomorrow is sunny.,私は「明日は晴れ」を知っています。,easy,true
G1-234,neck,首,1,body,体,,I know neck.,私は「首」を知っています。,easy,true
G1-235,stairs,階段,1,house,家の中,,I know stairs.,私は「階段」を知っています。,easy,true
G1-236,hospital doctor,病院の医者,1,job,職業,,I know hospital doctor.,私は「病院の医者」を知っています。,easy,true
G1-237,a little happy,少しうれしい,1,feeling,気持ち,,I know a little happy.,私は「少しうれしい」を知っています。,easy,true
G1-238,dream,夢,1,daily_life,日常生活,,I know dream.,私は「夢」を知っています。,easy,true
G1-239,big orange,大きいオレンジ,1,fruit,果物,,I know big orange.,私は「大きいオレンジ」を知っています。,easy,true
G1-240,electric car,電動の車,1,vehicle,乗り物,,I know electric car.,私は「電動の車」を知っています。,easy,true
G1-241,deep red,深い赤,1,color,色,,I know deep red.,私は「深い赤」を知っています。,easy,true
G1-242,zebra,シマウマ,1,animal,動物,,I know zebra.,私は「シマウマ」を知っています。,easy,true
G1-243,water,水,1,food,食べ物,,I know water.,私は「水」を知っています。,easy,true
G1-244,big sister,大きい姉妹,1,family,家族,,I know big sister.,私は「大きい姉妹」を知っています。,easy,true
G1-245,globe,地球儀,1,school,学校,,I know globe.,私は「地球儀」を知っています。,easy,true
G1-246,Monday evening,月曜日の夕方,1,day_week,曜日,,I know Monday evening.,私は「月曜日の夕方」を知っています。,easy,true
G1-247,morning is sunny,朝は晴れ,1,weather,天気,,I know morning is sunny.,私は「朝は晴れ」を知っています。,easy,true
G1-248,back,背中,1,body,体,,I know back.,私は「背中」を知っています。,easy,true
G1-249,mirror,鏡,1,house,家の中,,I know mirror.,私は「鏡」を知っています。,easy,true
G1-250,town doctor,町の医者,1,job,職業,,I know town doctor.,私は「町の医者」を知っています。,easy,true
G1-251,still happy,まだうれしい,1,feeling,気持ち,,I know still happy.,私は「まだうれしい」を知っています。,easy,true
G1-252,plan,計画,1,daily_life,日常生活,,I know plan.,私は「計画」を知っています。,easy,true
G1-253,big grape,大きいぶどう,1,fruit,果物,,I know big grape.,私は「大きいぶどう」を知っています。,easy,true
G1-254,fast car,速い車,1,vehicle,乗り物,,I know fast car.,私は「速い車」を知っています。,easy,true
G1-255,pale red,淡い赤,1,color,色,,I know pale red.,私は「淡い赤」を知っています。,easy,true
G1-256,kangaroo,カンガルー,1,animal,動物,,I know kangaroo.,私は「カンガルー」を知っています。,easy,true
G1-257,juice,ジュース,1,food,食べ物,,I know juice.,私は「ジュース」を知っています。,easy,true
G1-258,big brother,大きい兄弟,1,family,家族,,I know big brother.,私は「大きい兄弟」を知っています。,easy,true
G1-259,library,図書館,1,school,学校,,I know library.,私は「図書館」を知っています。,easy,true
G1-260,Monday night,月曜日の夜,1,day_week,曜日,,I know Monday night.,私は「月曜日の夜」を知っています。,easy,true
G1-261,afternoon is sunny,午後は晴れ,1,weather,天気,,I know afternoon is sunny.,私は「午後は晴れ」を知っています。,easy,true
G1-262,stomach,おなか,1,body,体,,I know stomach.,私は「おなか」を知っています。,easy,true
G1-263,shelf,棚,1,house,家の中,,I know shelf.,私は「棚」を知っています。,easy,true
G1-264,airport doctor,空港の医者,1,job,職業,,I know airport doctor.,私は「空港の医者」を知っています。,easy,true
G1-265,really happy,本当にうれしい,1,feeling,気持ち,,I know really happy.,私は「本当にうれしい」を知っています。,easy,true
G1-266,rule,ルール,1,daily_life,日常生活,,I know rule.,私は「ルール」を知っています。,easy,true
G1-267,big melon,大きいメロン,1,fruit,果物,,I know big melon.,私は「大きいメロン」を知っています。,easy,true
G1-268,slow car,ゆっくりの車,1,vehicle,乗り物,,I know slow car.,私は「ゆっくりの車」を知っています。,easy,true
G1-269,soft red,やわらかい赤,1,color,色,,I know soft red.,私は「やわらかい赤」を知っています。,easy,true
G1-270,koala,コアラ,1,animal,動物,,I know koala.,私は「コアラ」を知っています。,easy,true
G1-271,yogurt,ヨーグルト,1,food,食べ物,,I know yogurt.,私は「ヨーグルト」を知っています。,easy,true
G1-272,big grandmother,大きい祖母,1,family,家族,,I know big grandmother.,私は「大きい祖母」を知っています。,easy,true
G1-273,marker,マーカー,1,school,学校,,I know marker.,私は「マーカー」を知っています。,easy,true
G1-274,Monday class,月曜日の授業,1,day_week,曜日,,I know Monday class.,私は「月曜日の授業」を知っています。,easy,true
G1-275,weekend is sunny,週末は晴れ,1,weather,天気,,I know weekend is sunny.,私は「週末は晴れ」を知っています。,easy,true
G1-276,voice,声,1,body,体,,I know voice.,私は「声」を知っています。,easy,true
G1-277,closet,クローゼット,1,house,家の中,,I know closet.,私は「クローゼット」を知っています。,easy,true
G1-278,station doctor,駅の医者,1,job,職業,,I know station doctor.,私は「駅の医者」を知っています。,easy,true
G1-279,sometimes happy,時々うれしい,1,feeling,気持ち,,I know sometimes happy.,私は「時々うれしい」を知っています。,easy,true
G1-280,team,チーム,1,daily_life,日常生活,,I know team.,私は「チーム」を知っています。,easy,true
G1-281,big peach,大きいもも,1,fruit,果物,,I know big peach.,私は「大きいもも」を知っています。,easy,true
G1-282,safe car,安全な車,1,vehicle,乗り物,,I know safe car.,私は「安全な車」を知っています。,easy,true
G1-283,bright red,鮮やかな赤,1,color,色,,I know bright red.,私は「鮮やかな赤」を知っています。,easy,true
G1-284,big dog,大きい犬,1,animal,動物,,I know big dog.,私は「大きい犬」を知っています。,easy,true
G1-285,big rice,大きいごはん,1,food,食べ物,,I know big rice.,私は「大きいごはん」を知っています。,easy,true
G1-286,big grandfather,大きい祖父,1,family,家族,,I know big grandfather.,私は「大きい祖父」を知っています。,easy,true
G1-287,big school,大きい学校,1,school,学校,,I know big school.,私は「大きい学校」を知っています。,easy,true
G1-288,Tuesday morning,火曜日の朝,1,day_week,曜日,,I know Tuesday morning.,私は「火曜日の朝」を知っています。,easy,true
G1-289,this week is sunny,今週は晴れ,1,weather,天気,,I know this week is sunny.,私は「今週は晴れ」を知っています。,easy,true
G1-290,big head,大きい頭,1,body,体,,I know big head.,私は「大きい頭」を知っています。,easy,true
G1-291,big house,大きい家,1,house,家の中,,I know big house.,私は「大きい家」を知っています。,easy,true
G1-292,zoo doctor,動物園の医者,1,job,職業,,I know zoo doctor.,私は「動物園の医者」を知っています。,easy,true
G1-293,today happy,今日はうれしい,1,feeling,気持ち,,I know today happy.,私は「今日はうれしい」を知っています。,easy,true
G1-294,big friend,大きい友だち,1,daily_life,日常生活,,I know big friend.,私は「大きい友だち」を知っています。,easy,true
G1-295,big pear,大きいなし,1,fruit,果物,,I know big pear.,私は「大きいなし」を知っています。,easy,true
G1-296,new car,新しい車,1,vehicle,乗り物,,I know new car.,私は「新しい車」を知っています。,easy,true
G1-297,clear red,はっきりした赤,1,color,色,,I know clear red.,私は「はっきりした赤」を知っています。,easy,true
G1-298,big cat,大きいねこ,1,animal,動物,,I know big cat.,私は「大きいねこ」を知っています。,easy,true
G1-299,big bread,大きいパン,1,food,食べ物,,I know big bread.,私は「大きいパン」を知っています。,easy,true
G1-300,big aunt,大きいおば,1,family,家族,,I know big aunt.,私は「大きいおば」を知っています。,easy,true
G1-301,big book,大きい本,1,school,学校,,I know big book.,私は「大きい本」を知っています。,easy,true
G1-302,Tuesday afternoon,火曜日の午後,1,day_week,曜日,,I know Tuesday afternoon.,私は「火曜日の午後」を知っています。,easy,true
G1-303,next week is sunny,来週は晴れ,1,weather,天気,,I know next week is sunny.,私は「来週は晴れ」を知っています。,easy,true
G1-304,big face,大きい顔,1,body,体,,I know big face.,私は「大きい顔」を知っています。,easy,true
G1-305,big room,大きい部屋,1,house,家の中,,I know big room.,私は「大きい部屋」を知っています。,easy,true
G1-306,museum doctor,博物館の医者,1,job,職業,,I know museum doctor.,私は「博物館の医者」を知っています。,easy,true
G1-307,now happy,今うれしい,1,feeling,気持ち,,I know now happy.,私は「今うれしい」を知っています。,easy,true
G1-308,big game,大きいゲーム,1,daily_life,日常生活,,I know big game.,私は「大きいゲーム」を知っています。,easy,true
G1-309,big lemon,大きいレモン,1,fruit,果物,,I know big lemon.,私は「大きいレモン」を知っています。,easy,true
G1-310,old car,古い車,1,vehicle,乗り物,,I know old car.,私は「古い車」を知っています。,easy,true
G1-311,warm red,暖かい赤,1,color,色,,I know warm red.,私は「暖かい赤」を知っています。,easy,true
G1-312,big bird,大きい鳥,1,animal,動物,,I know big bird.,私は「大きい鳥」を知っています。,easy,true
G1-313,big milk,大きい牛乳,1,food,食べ物,,I know big milk.,私は「大きい牛乳」を知っています。,easy,true
G1-314,big uncle,大きいおじ,1,family,家族,,I know big uncle.,私は「大きいおじ」を知っています。,easy,true
G1-315,big pencil,大きい鉛筆,1,school,学校,,I know big pencil.,私は「大きい鉛筆」を知っています。,easy,true
G1-316,Tuesday evening,火曜日の夕方,1,day_week,曜日,,I know Tuesday evening.,私は「火曜日の夕方」を知っています。,easy,true
G1-317,school day is sunny,学校の日は晴れ,1,weather,天気,,I know school day is sunny.,私は「学校の日は晴れ」を知っています。,easy,true
G1-318,big eye,大きい目,1,body,体,,I know big eye.,私は「大きい目」を知っています。,easy,true
G1-319,big kitchen,大きい台所,1,house,家の中,,I know big kitchen.,私は「大きい台所」を知っています。,easy,true
G1-320,restaurant doctor,レストランの医者,1,job,職業,,I know restaurant doctor.,私は「レストランの医者」を知っています。,easy,true
G1-321,after class happy,授業の後でうれしい,1,feeling,気持ち,,I know after class happy.,私は「授業の後でうれしい」を知っています。,easy,true
G1-322,big music,大きい音楽,1,daily_life,日常生活,,I know big music.,私は「大きい音楽」を知っています。,easy,true
G1-323,big cherry,大きいさくらんぼ,1,fruit,果物,,I know big cherry.,私は「大きいさくらんぼ」を知っています。,easy,true
G1-324,small car,小型の車,1,vehicle,乗り物,,I know small car.,私は「小型の車」を知っています。,easy,true
G1-325,cool red,涼しげな赤,1,color,色,,I know cool red.,私は「涼しげな赤」を知っています。,easy,true
G1-326,big fish,大きい魚,1,animal,動物,,I know big fish.,私は「大きい魚」を知っています。,easy,true
G1-327,big egg,大きい卵,1,food,食べ物,,I know big egg.,私は「大きい卵」を知っています。,easy,true
G1-328,big cousin,大きいいとこ,1,family,家族,,I know big cousin.,私は「大きいいとこ」を知っています。,easy,true
G1-329,big pen,大きいペン,1,school,学校,,I know big pen.,私は「大きいペン」を知っています。,easy,true
G1-330,Tuesday night,火曜日の夜,1,day_week,曜日,,I know Tuesday night.,私は「火曜日の夜」を知っています。,easy,true
G1-331,holiday is sunny,休日は晴れ,1,weather,天気,,I know holiday is sunny.,私は「休日は晴れ」を知っています。,easy,true
G1-332,big ear,大きい耳,1,body,体,,I know big ear.,私は「大きい耳」を知っています。,easy,true
G1-333,big bedroom,大きい寝室,1,house,家の中,,I know big bedroom.,私は「大きい寝室」を知っています。,easy,true
G1-334,farm doctor,農場の医者,1,job,職業,,I know farm doctor.,私は「農場の医者」を知っています。,easy,true
G1-335,before test happy,テスト前にうれしい,1,feeling,気持ち,,I know before test happy.,私は「テスト前にうれしい」を知っています。,easy,true
G1-336,big sport,大きいスポーツ,1,daily_life,日常生活,,I know big sport.,私は「大きいスポーツ」を知っています。,easy,true
G1-337,big strawberry,大きいいちご,1,fruit,果物,,I know big strawberry.,私は「大きいいちご」を知っています。,easy,true
G1-338,large car,大型の車,1,vehicle,乗り物,,I know large car.,私は「大型の車」を知っています。,easy,true
G1-339,favorite red,好きな赤,1,color,色,,I know favorite red.,私は「好きな赤」を知っています。,easy,true
G1-340,big rabbit,大きいうさぎ,1,animal,動物,,I know big rabbit.,私は「大きいうさぎ」を知っています。,easy,true
G1-341,big cheese,大きいチーズ,1,food,食べ物,,I know big cheese.,私は「大きいチーズ」を知っています。,easy,true
G1-342,big baby,大きい赤ちゃん,1,family,家族,,I know big baby.,私は「大きい赤ちゃん」を知っています。,easy,true
G1-343,big eraser,大きい消しゴム,1,school,学校,,I know big eraser.,私は「大きい消しゴム」を知っています。,easy,true
G1-344,Tuesday class,火曜日の授業,1,day_week,曜日,,I know Tuesday class.,私は「火曜日の授業」を知っています。,easy,true
G1-345,outside is sunny,外は晴れ,1,weather,天気,,I know outside is sunny.,私は「外は晴れ」を知っています。,easy,true
G1-346,big nose,大きい鼻,1,body,体,,I know big nose.,私は「大きい鼻」を知っています。,easy,true
G1-347,big bathroom,大きい浴室,1,house,家の中,,I know big bathroom.,私は「大きい浴室」を知っています。,easy,true
G1-348,library doctor,図書館の医者,1,job,職業,,I know library doctor.,私は「図書館の医者」を知っています。,easy,true
G1-349,with friends happy,友だちといてうれしい,1,feeling,気持ち,,I know with friends happy.,私は「友だちといてうれしい」を知っています。,easy,true
G1-350,big club,大きいクラブ,1,daily_life,日常生活,,I know big club.,私は「大きいクラブ」を知っています。,easy,true
G1-351,big pineapple,大きいパイナップル,1,fruit,果物,,I know big pineapple.,私は「大きいパイナップル」を知っています。,easy,true
G1-352,long car,長い車,1,vehicle,乗り物,,I know long car.,私は「長い車」を知っています。,easy,true
G1-353,school red,学校で使う赤,1,color,色,,I know school red.,私は「学校で使う赤」を知っています。,easy,true
G1-354,big horse,大きい馬,1,animal,動物,,I know big horse.,私は「大きい馬」を知っています。,easy,true
G1-355,big meat,大きい肉,1,food,食べ物,,I know big meat.,私は「大きい肉」を知っています。,easy,true
G1-356,big parent,大きい親,1,family,家族,,I know big parent.,私は「大きい親」を知っています。,easy,true
G1-357,big ruler,大きいものさし,1,school,学校,,I know big ruler.,私は「大きいものさし」を知っています。,easy,true
G1-358,Wednesday morning,水曜日の朝,1,day_week,曜日,,I know Wednesday morning.,私は「水曜日の朝」を知っています。,easy,true
G1-359,spring sunny,春の晴れ,1,weather,天気,,I know spring sunny.,私は「春の晴れ」を知っています。,easy,true
G1-360,big mouth,大きい口,1,body,体,,I know big mouth.,私は「大きい口」を知っています。,easy,true
G1-361,big door,大きいドア,1,house,家の中,,I know big door.,私は「大きいドア」を知っています。,easy,true
G1-362,kind doctor,親切な医者,1,job,職業,,I know kind doctor.,私は「親切な医者」を知っています。,easy,true
G1-363,at school happy,学校でうれしい,1,feeling,気持ち,,I know at school happy.,私は「学校でうれしい」を知っています。,easy,true
G1-364,big birthday,大きい誕生日,1,daily_life,日常生活,,I know big birthday.,私は「大きい誕生日」を知っています。,easy,true
G1-365,big kiwi,大きいキウイ,1,fruit,果物,,I know big kiwi.,私は「大きいキウイ」を知っています。,easy,true
G1-366,short car,短い車,1,vehicle,乗り物,,I know short car.,私は「短い車」を知っています。,easy,true
G1-367,basic red,基本の赤,1,color,色,,I know basic red.,私は「基本の赤」を知っています。,easy,true
G1-368,big cow,大きい牛,1,animal,動物,,I know big cow.,私は「大きい牛」を知っています。,easy,true
G1-369,big chicken,大きい鶏肉,1,food,食べ物,,I know big chicken.,私は「大きい鶏肉」を知っています。,easy,true
G1-370,big child,大きい子ども,1,family,家族,,I know big child.,私は「大きい子ども」を知っています。,easy,true
G1-371,big notebook,大きいノート,1,school,学校,,I know big notebook.,私は「大きいノート」を知っています。,easy,true
G1-372,Wednesday afternoon,水曜日の午後,1,day_week,曜日,,I know Wednesday afternoon.,私は「水曜日の午後」を知っています。,easy,true
G1-373,summer sunny,夏の晴れ,1,weather,天気,,I know summer sunny.,私は「夏の晴れ」を知っています。,easy,true
G1-374,big tooth,大きい歯,1,body,体,,I know big tooth.,私は「大きい歯」を知っています。,easy,true
G1-375,big window,大きい窓,1,house,家の中,,I know big window.,私は「大きい窓」を知っています。,easy,true
G1-376,busy doctor,忙しい医者,1,job,職業,,I know busy doctor.,私は「忙しい医者」を知っています。,easy,true
G1-377,at home happy,家でうれしい,1,feeling,気持ち,,I know at home happy.,私は「家でうれしい」を知っています。,easy,true
G1-378,big holiday,大きい休日,1,daily_life,日常生活,,I know big holiday.,私は「大きい休日」を知っています。,easy,true
G1-379,big mango,大きいマンゴー,1,fruit,果物,,I know big mango.,私は「大きいマンゴー」を知っています。,easy,true
G1-380,passenger car,乗客用の車,1,vehicle,乗り物,,I know passenger car.,私は「乗客用の車」を知っています。,easy,true
G1-381,pretty red,きれいな赤,1,color,色,,I know pretty red.,私は「きれいな赤」を知っています。,easy,true
G1-382,big pig,大きいぶた,1,animal,動物,,I know big pig.,私は「大きいぶた」を知っています。,easy,true
G1-383,big fish,大きい魚,1,food,食べ物,,I know big fish.,私は「大きい魚」を知っています。,easy,true
G1-384,big family,大きい家族,1,family,家族,,I know big family.,私は「大きい家族」を知っています。,easy,true
G1-385,big desk,大きい机,1,school,学校,,I know big desk.,私は「大きい机」を知っています。,easy,true
G1-386,Wednesday evening,水曜日の夕方,1,day_week,曜日,,I know Wednesday evening.,私は「水曜日の夕方」を知っています。,easy,true
G1-387,fall sunny,秋の晴れ,1,weather,天気,,I know fall sunny.,私は「秋の晴れ」を知っています。,easy,true
G1-388,big hand,大きい手,1,body,体,,I know big hand.,私は「大きい手」を知っています。,easy,true
G1-389,big floor,大きい床,1,house,家の中,,I know big floor.,私は「大きい床」を知っています。,easy,true
G1-390,new doctor,新しい医者,1,job,職業,,I know new doctor.,私は「新しい医者」を知っています。,easy,true
G1-391,on Monday happy,月曜日にうれしい,1,feeling,気持ち,,I know on Monday happy.,私は「月曜日にうれしい」を知っています。,easy,true
G1-392,big money,大きいお金,1,daily_life,日常生活,,I know big money.,私は「大きいお金」を知っています。,easy,true
G1-393,big plum,大きいすもも,1,fruit,果物,,I know big plum.,私は「大きいすもも」を知っています。,easy,true
G1-394,cargo car,荷物用の車,1,vehicle,乗り物,,I know cargo car.,私は「荷物用の車」を知っています。,easy,true
G1-395,simple red,かんたんな赤,1,color,色,,I know simple red.,私は「かんたんな赤」を知っています。,easy,true
G1-396,big sheep,大きい羊,1,animal,動物,,I know big sheep.,私は「大きい羊」を知っています。,easy,true
G1-397,big soup,大きいスープ,1,food,食べ物,,I know big soup.,私は「大きいスープ」を知っています。,easy,true
G1-398,big daughter,大きい娘,1,family,家族,,I know big daughter.,私は「大きい娘」を知っています。,easy,true
G1-399,big chair,大きいいす,1,school,学校,,I know big chair.,私は「大きいいす」を知っています。,easy,true
G1-400,Wednesday night,水曜日の夜,1,day_week,曜日,,I know Wednesday night.,私は「水曜日の夜」を知っています。,easy,true
G1-401,winter sunny,冬の晴れ,1,weather,天気,,I know winter sunny.,私は「冬の晴れ」を知っています。,easy,true
G1-402,big finger,大きい指,1,body,体,,I know big finger.,私は「大きい指」を知っています。,easy,true
G1-403,big wall,大きい壁,1,house,家の中,,I know big wall.,私は「大きい壁」を知っています。,easy,true
G1-404,famous doctor,有名な医者,1,job,職業,,I know famous doctor.,私は「有名な医者」を知っています。,easy,true
G1-405,in the morning happy,朝にうれしい,1,feeling,気持ち,,I know in the morning happy.,私は「朝にうれしい」を知っています。,easy,true
G1-406,big ticket,大きい切符,1,daily_life,日常生活,,I know big ticket.,私は「大きい切符」を知っています。,easy,true
G1-407,big fig,大きいいちじく,1,fruit,果物,,I know big fig.,私は「大きいいちじく」を知っています。,easy,true
G1-408,rescue car,救助用の車,1,vehicle,乗り物,,I know rescue car.,私は「救助用の車」を知っています。,easy,true
G1-409,new red,新しい赤,1,color,色,,I know new red.,私は「新しい赤」を知っています。,easy,true
G1-410,big goat,大きいやぎ,1,animal,動物,,I know big goat.,私は「大きいやぎ」を知っています。,easy,true
G1-411,big salad,大きいサラダ,1,food,食べ物,,I know big salad.,私は「大きいサラダ」を知っています。,easy,true
G1-412,big son,大きい息子,1,family,家族,,I know big son.,私は「大きい息子」を知っています。,easy,true
G1-413,big classroom,大きい教室,1,school,学校,,I know big classroom.,私は「大きい教室」を知っています。,easy,true
G1-414,Wednesday class,水曜日の授業,1,day_week,曜日,,I know Wednesday class.,私は「水曜日の授業」を知っています。,easy,true
G1-415,evening is sunny,夕方は晴れ,1,weather,天気,,I know evening is sunny.,私は「夕方は晴れ」を知っています。,easy,true
G1-416,big arm,大きい腕,1,body,体,,I know big arm.,私は「大きい腕」を知っています。,easy,true
G1-417,big roof,大きい屋根,1,house,家の中,,I know big roof.,私は「大きい屋根」を知っています。,easy,true
G1-418,young doctor,若い医者,1,job,職業,,I know young doctor.,私は「若い医者」を知っています。,easy,true
G1-419,at night happy,夜にうれしい,1,feeling,気持ち,,I know at night happy.,私は「夜にうれしい」を知っています。,easy,true
G1-420,big phone,大きい電話,1,daily_life,日常生活,,I know big phone.,私は「大きい電話」を知っています。,easy,true
G1-421,small apple,小さいりんご,1,fruit,果物,,I know small apple.,私は「小さいりんご」を知っています。,easy,true
G1-422,toy bus,おもちゃのバス,1,vehicle,乗り物,,I know toy bus.,私は「おもちゃのバス」を知っています。,easy,true
G1-423,light blue,明るい青,1,color,色,,I know light blue.,私は「明るい青」を知っています。,easy,true
G1-424,big lion,大きいライオン,1,animal,動物,,I know big lion.,私は「大きいライオン」を知っています。,easy,true
G1-425,big cake,大きいケーキ,1,food,食べ物,,I know big cake.,私は「大きいケーキ」を知っています。,easy,true
G1-426,small mother,小さい母,1,family,家族,,I know small mother.,私は「小さい母」を知っています。,easy,true
G1-427,big teacher,大きい先生,1,school,学校,,I know big teacher.,私は「大きい先生」を知っています。,easy,true
G1-428,Thursday morning,木曜日の朝,1,day_week,曜日,,I know Thursday morning.,私は「木曜日の朝」を知っています。,easy,true
G1-429,today is rainy,今日は雨,1,weather,天気,,I know today is rainy.,私は「今日は雨」を知っています。,easy,true
G1-430,big leg,大きい脚,1,body,体,,I know big leg.,私は「大きい脚」を知っています。,easy,true
G1-431,big bed,大きいベッド,1,house,家の中,,I know big bed.,私は「大きいベッド」を知っています。,easy,true
G1-432,school teacher,学校の先生,1,job,職業,,I know school teacher.,私は「学校の先生」を知っています。,easy,true
G1-433,very sad,とても悲しい,1,feeling,気持ち,,I know very sad.,私は「とても悲しい」を知っています。,easy,true
G1-434,big photo,大きい写真,1,daily_life,日常生活,,I know big photo.,私は「大きい写真」を知っています。,easy,true
G1-435,small banana,小さいバナナ,1,fruit,果物,,I know small banana.,私は「小さいバナナ」を知っています。,easy,true
G1-436,model bus,模型のバス,1,vehicle,乗り物,,I know model bus.,私は「模型のバス」を知っています。,easy,true
G1-437,dark blue,濃い青,1,color,色,,I know dark blue.,私は「濃い青」を知っています。,easy,true
G1-438,big tiger,大きいトラ,1,animal,動物,,I know big tiger.,私は「大きいトラ」を知っています。,easy,true
G1-439,big cookie,大きいクッキー,1,food,食べ物,,I know big cookie.,私は「大きいクッキー」を知っています。,easy,true
G1-440,small father,小さい父,1,family,家族,,I know small father.,私は「小さい父」を知っています。,easy,true
G1-441,big student,大きい生徒,1,school,学校,,I know big student.,私は「大きい生徒」を知っています。,easy,true
G1-442,Thursday afternoon,木曜日の午後,1,day_week,曜日,,I know Thursday afternoon.,私は「木曜日の午後」を知っています。,easy,true
G1-443,tomorrow is rainy,明日は雨,1,weather,天気,,I know tomorrow is rainy.,私は「明日は雨」を知っています。,easy,true
G1-444,big foot,大きい足,1,body,体,,I know big foot.,私は「大きい足」を知っています。,easy,true
G1-445,big table,大きいテーブル,1,house,家の中,,I know big table.,私は「大きいテーブル」を知っています。,easy,true
G1-446,hospital teacher,病院の先生,1,job,職業,,I know hospital teacher.,私は「病院の先生」を知っています。,easy,true
G1-447,a little sad,少し悲しい,1,feeling,気持ち,,I know a little sad.,私は「少し悲しい」を知っています。,easy,true
G1-448,big letter,大きい手紙,1,daily_life,日常生活,,I know big letter.,私は「大きい手紙」を知っています。,easy,true
G1-449,small orange,小さいオレンジ,1,fruit,果物,,I know small orange.,私は「小さいオレンジ」を知っています。,easy,true
G1-450,electric bus,電動のバス,1,vehicle,乗り物,,I know electric bus.,私は「電動のバス」を知っています。,easy,true
G1-451,deep blue,深い青,1,color,色,,I know deep blue.,私は「深い青」を知っています。,easy,true
G1-452,big bear,大きいくま,1,animal,動物,,I know big bear.,私は「大きいくま」を知っています。,easy,true
G1-453,big pizza,大きいピザ,1,food,食べ物,,I know big pizza.,私は「大きいピザ」を知っています。,easy,true
G1-454,small sister,小さい姉妹,1,family,家族,,I know small sister.,私は「小さい姉妹」を知っています。,easy,true
G1-455,big homework,大きい宿題,1,school,学校,,I know big homework.,私は「大きい宿題」を知っています。,easy,true
G1-456,Thursday evening,木曜日の夕方,1,day_week,曜日,,I know Thursday evening.,私は「木曜日の夕方」を知っています。,easy,true
G1-457,morning is rainy,朝は雨,1,weather,天気,,I know morning is rainy.,私は「朝は雨」を知っています。,easy,true
G1-458,big shoulder,大きい肩,1,body,体,,I know big shoulder.,私は「大きい肩」を知っています。,easy,true
G1-459,big sofa,大きいソファ,1,house,家の中,,I know big sofa.,私は「大きいソファ」を知っています。,easy,true
G1-460,town teacher,町の先生,1,job,職業,,I know town teacher.,私は「町の先生」を知っています。,easy,true
G1-461,still sad,まだ悲しい,1,feeling,気持ち,,I know still sad.,私は「まだ悲しい」を知っています。,easy,true
G1-462,big bag,大きいかばん,1,daily_life,日常生活,,I know big bag.,私は「大きいかばん」を知っています。,easy,true
G1-463,small grape,小さいぶどう,1,fruit,果物,,I know small grape.,私は「小さいぶどう」を知っています。,easy,true
G1-464,fast bus,速いバス,1,vehicle,乗り物,,I know fast bus.,私は「速いバス」を知っています。,easy,true
G1-465,pale blue,淡い青,1,color,色,,I know pale blue.,私は「淡い青」を知っています。,easy,true
G1-466,big monkey,大きいさる,1,animal,動物,,I know big monkey.,私は「大きいさる」を知っています。,easy,true
G1-467,big noodle,大きいめん,1,food,食べ物,,I know big noodle.,私は「大きいめん」を知っています。,easy,true
G1-468,small brother,小さい兄弟,1,family,家族,,I know small brother.,私は「小さい兄弟」を知っています。,easy,true
G1-469,big question,大きい質問,1,school,学校,,I know big question.,私は「大きい質問」を知っています。,easy,true
G1-470,Thursday night,木曜日の夜,1,day_week,曜日,,I know Thursday night.,私は「木曜日の夜」を知っています。,easy,true
G1-471,afternoon is rainy,午後は雨,1,weather,天気,,I know afternoon is rainy.,私は「午後は雨」を知っています。,easy,true
G1-472,big knee,大きいひざ,1,body,体,,I know big knee.,私は「大きいひざ」を知っています。,easy,true
G1-473,big lamp,大きいランプ,1,house,家の中,,I know big lamp.,私は「大きいランプ」を知っています。,easy,true
G1-474,airport teacher,空港の先生,1,job,職業,,I know airport teacher.,私は「空港の先生」を知っています。,easy,true
G1-475,really sad,本当に悲しい,1,feeling,気持ち,,I know really sad.,私は「本当に悲しい」を知っています。,easy,true
G1-476,big umbrella,大きい傘,1,daily_life,日常生活,,I know big umbrella.,私は「大きい傘」を知っています。,easy,true
G1-477,small melon,小さいメロン,1,fruit,果物,,I know small melon.,私は「小さいメロン」を知っています。,easy,true
G1-478,slow bus,ゆっくりのバス,1,vehicle,乗り物,,I know slow bus.,私は「ゆっくりのバス」を知っています。,easy,true
G1-479,soft blue,やわらかい青,1,color,色,,I know soft blue.,私は「やわらかい青」を知っています。,easy,true
G1-480,big panda,大きいパンダ,1,animal,動物,,I know big panda.,私は「大きいパンダ」を知っています。,easy,true
G1-481,big sandwich,大きいサンドイッチ,1,food,食べ物,,I know big sandwich.,私は「大きいサンドイッチ」を知っています。,easy,true
G1-482,small grandmother,小さい祖母,1,family,家族,,I know small grandmother.,私は「小さい祖母」を知っています。,easy,true
G1-483,big lesson,大きい授業,1,school,学校,,I know big lesson.,私は「大きい授業」を知っています。,easy,true
G1-484,Thursday class,木曜日の授業,1,day_week,曜日,,I know Thursday class.,私は「木曜日の授業」を知っています。,easy,true
G1-485,weekend is rainy,週末は雨,1,weather,天気,,I know weekend is rainy.,私は「週末は雨」を知っています。,easy,true
G1-486,big heart,大きい心臓,1,body,体,,I know big heart.,私は「大きい心臓」を知っています。,easy,true
G1-487,big clock,大きい時計,1,house,家の中,,I know big clock.,私は「大きい時計」を知っています。,easy,true
G1-488,station teacher,駅の先生,1,job,職業,,I know station teacher.,私は「駅の先生」を知っています。,easy,true
G1-489,sometimes sad,時々悲しい,1,feeling,気持ち,,I know sometimes sad.,私は「時々悲しい」を知っています。,easy,true
G1-490,big key,大きい鍵,1,daily_life,日常生活,,I know big key.,私は「大きい鍵」を知っています。,easy,true
G1-491,small peach,小さいもも,1,fruit,果物,,I know small peach.,私は「小さいもも」を知っています。,easy,true
G1-492,safe bus,安全なバス,1,vehicle,乗り物,,I know safe bus.,私は「安全なバス」を知っています。,easy,true
G1-493,bright blue,鮮やかな青,1,color,色,,I know bright blue.,私は「鮮やかな青」を知っています。,easy,true
G1-494,big elephant,大きいぞう,1,animal,動物,,I know big elephant.,私は「大きいぞう」を知っています。,easy,true
G1-495,big curry,大きいカレー,1,food,食べ物,,I know big curry.,私は「大きいカレー」を知っています。,easy,true
G1-496,small grandfather,小さい祖父,1,family,家族,,I know small grandfather.,私は「小さい祖父」を知っています。,easy,true
G1-497,big test,大きいテスト,1,school,学校,,I know big test.,私は「大きいテスト」を知っています。,easy,true
G1-498,Friday morning,金曜日の朝,1,day_week,曜日,,I know Friday morning.,私は「金曜日の朝」を知っています。,easy,true
G1-499,this week is rainy,今週は雨,1,weather,天気,,I know this week is rainy.,私は「今週は雨」を知っています。,easy,true
G1-500,big hair,大きい髪,1,body,体,,I know big hair.,私は「大きい髪」を知っています。,easy,true
G2-001,small pear,小さいなし,2,fruit,果物,,I know small pear.,私は「小さいなし」を知っています。,easy,true
G2-002,new bus,新しいバス,2,vehicle,乗り物,,I know new bus.,私は「新しいバス」を知っています。,easy,true
G2-003,clear blue,はっきりした青,2,color,色,,I know clear blue.,私は「はっきりした青」を知っています。,easy,true
G2-004,big giraffe,大きいキリン,2,animal,動物,,I know big giraffe.,私は「大きいキリン」を知っています。,easy,true
G2-005,big tea,大きいお茶,2,food,食べ物,,I know big tea.,私は「大きいお茶」を知っています。,easy,true
G2-006,small aunt,小さいおば,2,family,家族,,I know small aunt.,私は「小さいおば」を知っています。,easy,true
G2-007,big map,大きい地図,2,school,学校,,I know big map.,私は「大きい地図」を知っています。,easy,true
G2-008,Friday afternoon,金曜日の午後,2,day_week,曜日,,I know Friday afternoon.,私は「金曜日の午後」を知っています。,easy,true
G2-009,next week is rainy,来週は雨,2,weather,天気,,I know next week is rainy.,私は「来週は雨」を知っています。,easy,true
G2-010,big neck,大きい首,2,body,体,,I know big neck.,私は「大きい首」を知っています。,easy,true
G2-011,big stairs,大きい階段,2,house,家の中,,I know big stairs.,私は「大きい階段」を知っています。,easy,true
G2-012,museum teacher,博物館の先生,2,job,職業,,I know museum teacher.,私は「博物館の先生」を知っています。,easy,true
G2-013,now sad,今悲しい,2,feeling,気持ち,,I know now sad.,私は「今悲しい」を知っています。,easy,true
G2-014,big dream,大きい夢,2,daily_life,日常生活,,I know big dream.,私は「大きい夢」を知っています。,easy,true
G2-015,small lemon,小さいレモン,2,fruit,果物,,I know small lemon.,私は「小さいレモン」を知っています。,easy,true
G2-016,old bus,古いバス,2,vehicle,乗り物,,I know old bus.,私は「古いバス」を知っています。,easy,true
G2-017,warm blue,暖かい青,2,color,色,,I know warm blue.,私は「暖かい青」を知っています。,easy,true
G2-018,big zebra,大きいシマウマ,2,animal,動物,,I know big zebra.,私は「大きいシマウマ」を知っています。,easy,true
G2-019,big water,大きい水,2,food,食べ物,,I know big water.,私は「大きい水」を知っています。,easy,true
G2-020,small uncle,小さいおじ,2,family,家族,,I know small uncle.,私は「小さいおじ」を知っています。,easy,true
G2-021,big globe,大きい地球儀,2,school,学校,,I know big globe.,私は「大きい地球儀」を知っています。,easy,true
G2-022,Friday evening,金曜日の夕方,2,day_week,曜日,,I know Friday evening.,私は「金曜日の夕方」を知っています。,easy,true
G2-023,school day is rainy,学校の日は雨,2,weather,天気,,I know school day is rainy.,私は「学校の日は雨」を知っています。,easy,true
G2-024,big back,大きい背中,2,body,体,,I know big back.,私は「大きい背中」を知っています。,easy,true
G2-025,big mirror,大きい鏡,2,house,家の中,,I know big mirror.,私は「大きい鏡」を知っています。,easy,true
G2-026,restaurant teacher,レストランの先生,2,job,職業,,I know restaurant teacher.,私は「レストランの先生」を知っています。,easy,true
G2-027,after class sad,授業の後で悲しい,2,feeling,気持ち,,I know after class sad.,私は「授業の後で悲しい」を知っています。,easy,true
G2-028,big plan,大きい計画,2,daily_life,日常生活,,I know big plan.,私は「大きい計画」を知っています。,easy,true
G2-029,small cherry,小さいさくらんぼ,2,fruit,果物,,I know small cherry.,私は「小さいさくらんぼ」を知っています。,easy,true
G2-030,small bus,小型のバス,2,vehicle,乗り物,,I know small bus.,私は「小型のバス」を知っています。,easy,true
G2-031,cool blue,涼しげな青,2,color,色,,I know cool blue.,私は「涼しげな青」を知っています。,easy,true
G2-032,big kangaroo,大きいカンガルー,2,animal,動物,,I know big kangaroo.,私は「大きいカンガルー」を知っています。,easy,true
G2-033,big juice,大きいジュース,2,food,食べ物,,I know big juice.,私は「大きいジュース」を知っています。,easy,true
G2-034,small cousin,小さいいとこ,2,family,家族,,I know small cousin.,私は「小さいいとこ」を知っています。,easy,true
G2-035,big library,大きい図書館,2,school,学校,,I know big library.,私は「大きい図書館」を知っています。,easy,true
G2-036,Friday night,金曜日の夜,2,day_week,曜日,,I know Friday night.,私は「金曜日の夜」を知っています。,easy,true
G2-037,holiday is rainy,休日は雨,2,weather,天気,,I know holiday is rainy.,私は「休日は雨」を知っています。,easy,true
G2-038,big stomach,大きいおなか,2,body,体,,I know big stomach.,私は「大きいおなか」を知っています。,easy,true
G2-039,big shelf,大きい棚,2,house,家の中,,I know big shelf.,私は「大きい棚」を知っています。,easy,true
G2-040,farm teacher,農場の先生,2,job,職業,,I know farm teacher.,私は「農場の先生」を知っています。,easy,true
G2-041,before test sad,テスト前に悲しい,2,feeling,気持ち,,I know before test sad.,私は「テスト前に悲しい」を知っています。,easy,true
G2-042,big rule,大きいルール,2,daily_life,日常生活,,I know big rule.,私は「大きいルール」を知っています。,easy,true
G2-043,small strawberry,小さいいちご,2,fruit,果物,,I know small strawberry.,私は「小さいいちご」を知っています。,easy,true
G2-044,large bus,大型のバス,2,vehicle,乗り物,,I know large bus.,私は「大型のバス」を知っています。,easy,true
G2-045,favorite blue,好きな青,2,color,色,,I know favorite blue.,私は「好きな青」を知っています。,easy,true
G2-046,big koala,大きいコアラ,2,animal,動物,,I know big koala.,私は「大きいコアラ」を知っています。,easy,true
G2-047,big yogurt,大きいヨーグルト,2,food,食べ物,,I know big yogurt.,私は「大きいヨーグルト」を知っています。,easy,true
G2-048,small baby,小さい赤ちゃん,2,family,家族,,I know small baby.,私は「小さい赤ちゃん」を知っています。,easy,true
G2-049,big marker,大きいマーカー,2,school,学校,,I know big marker.,私は「大きいマーカー」を知っています。,easy,true
G2-050,Friday class,金曜日の授業,2,day_week,曜日,,I know Friday class.,私は「金曜日の授業」を知っています。,easy,true
G2-051,outside is rainy,外は雨,2,weather,天気,,I know outside is rainy.,私は「外は雨」を知っています。,easy,true
G2-052,big voice,大きい声,2,body,体,,I know big voice.,私は「大きい声」を知っています。,easy,true
G2-053,big closet,大きいクローゼット,2,house,家の中,,I know big closet.,私は「大きいクローゼット」を知っています。,easy,true
G2-054,library teacher,図書館の先生,2,job,職業,,I know library teacher.,私は「図書館の先生」を知っています。,easy,true
G2-055,with friends sad,友だちといて悲しい,2,feeling,気持ち,,I know with friends sad.,私は「友だちといて悲しい」を知っています。,easy,true
G2-056,big team,大きいチーム,2,daily_life,日常生活,,I know big team.,私は「大きいチーム」を知っています。,easy,true
G2-057,small pineapple,小さいパイナップル,2,fruit,果物,,I know small pineapple.,私は「小さいパイナップル」を知っています。,easy,true
G2-058,long bus,長いバス,2,vehicle,乗り物,,I know long bus.,私は「長いバス」を知っています。,easy,true
G2-059,school blue,学校で使う青,2,color,色,,I know school blue.,私は「学校で使う青」を知っています。,easy,true
G2-060,small dog,小さい犬,2,animal,動物,,I know small dog.,私は「小さい犬」を知っています。,easy,true
G2-061,small rice,小さいごはん,2,food,食べ物,,I know small rice.,私は「小さいごはん」を知っています。,easy,true
G2-062,small parent,小さい親,2,family,家族,,I know small parent.,私は「小さい親」を知っています。,easy,true
G2-063,small school,小さい学校,2,school,学校,,I know small school.,私は「小さい学校」を知っています。,easy,true
G2-064,Saturday morning,土曜日の朝,2,day_week,曜日,,I know Saturday morning.,私は「土曜日の朝」を知っています。,easy,true
G2-065,spring rainy,春の雨,2,weather,天気,,I know spring rainy.,私は「春の雨」を知っています。,easy,true
G2-066,small head,小さい頭,2,body,体,,I know small head.,私は「小さい頭」を知っています。,easy,true
G2-067,small house,小さい家,2,house,家の中,,I know small house.,私は「小さい家」を知っています。,easy,true
G2-068,kind teacher,親切な先生,2,job,職業,,I know kind teacher.,私は「親切な先生」を知っています。,easy,true
G2-069,at school sad,学校で悲しい,2,feeling,気持ち,,I know at school sad.,私は「学校で悲しい」を知っています。,easy,true
G2-070,small friend,小さい友だち,2,daily_life,日常生活,,I know small friend.,私は「小さい友だち」を知っています。,easy,true
G2-071,small kiwi,小さいキウイ,2,fruit,果物,,I know small kiwi.,私は「小さいキウイ」を知っています。,easy,true
G2-072,short bus,短いバス,2,vehicle,乗り物,,I know short bus.,私は「短いバス」を知っています。,easy,true
G2-073,basic blue,基本の青,2,color,色,,I know basic blue.,私は「基本の青」を知っています。,easy,true
G2-074,small cat,小さいねこ,2,animal,動物,,I know small cat.,私は「小さいねこ」を知っています。,easy,true
G2-075,small bread,小さいパン,2,food,食べ物,,I know small bread.,私は「小さいパン」を知っています。,easy,true
G2-076,small child,小さい子ども,2,family,家族,,I know small child.,私は「小さい子ども」を知っています。,easy,true
G2-077,small book,小さい本,2,school,学校,,I know small book.,私は「小さい本」を知っています。,easy,true
G2-078,Saturday afternoon,土曜日の午後,2,day_week,曜日,,I know Saturday afternoon.,私は「土曜日の午後」を知っています。,easy,true
G2-079,summer rainy,夏の雨,2,weather,天気,,I know summer rainy.,私は「夏の雨」を知っています。,easy,true
G2-080,small face,小さい顔,2,body,体,,I know small face.,私は「小さい顔」を知っています。,easy,true
G2-081,small room,小さい部屋,2,house,家の中,,I know small room.,私は「小さい部屋」を知っています。,easy,true
G2-082,busy teacher,忙しい先生,2,job,職業,,I know busy teacher.,私は「忙しい先生」を知っています。,easy,true
G2-083,at home sad,家で悲しい,2,feeling,気持ち,,I know at home sad.,私は「家で悲しい」を知っています。,easy,true
G2-084,small game,小さいゲーム,2,daily_life,日常生活,,I know small game.,私は「小さいゲーム」を知っています。,easy,true
G2-085,small mango,小さいマンゴー,2,fruit,果物,,I know small mango.,私は「小さいマンゴー」を知っています。,easy,true
G2-086,passenger bus,乗客用のバス,2,vehicle,乗り物,,I know passenger bus.,私は「乗客用のバス」を知っています。,easy,true
G2-087,pretty blue,きれいな青,2,color,色,,I know pretty blue.,私は「きれいな青」を知っています。,easy,true
G2-088,small bird,小さい鳥,2,animal,動物,,I know small bird.,私は「小さい鳥」を知っています。,easy,true
G2-089,small milk,小さい牛乳,2,food,食べ物,,I know small milk.,私は「小さい牛乳」を知っています。,easy,true
G2-090,small family,小さい家族,2,family,家族,,I know small family.,私は「小さい家族」を知っています。,easy,true
G2-091,small pencil,小さい鉛筆,2,school,学校,,I know small pencil.,私は「小さい鉛筆」を知っています。,easy,true
G2-092,Saturday evening,土曜日の夕方,2,day_week,曜日,,I know Saturday evening.,私は「土曜日の夕方」を知っています。,easy,true
G2-093,fall rainy,秋の雨,2,weather,天気,,I know fall rainy.,私は「秋の雨」を知っています。,easy,true
G2-094,small eye,小さい目,2,body,体,,I know small eye.,私は「小さい目」を知っています。,easy,true
G2-095,small kitchen,小さい台所,2,house,家の中,,I know small kitchen.,私は「小さい台所」を知っています。,easy,true
G2-096,new teacher,新しい先生,2,job,職業,,I know new teacher.,私は「新しい先生」を知っています。,easy,true
G2-097,on Monday sad,月曜日に悲しい,2,feeling,気持ち,,I know on Monday sad.,私は「月曜日に悲しい」を知っています。,easy,true
G2-098,small music,小さい音楽,2,daily_life,日常生活,,I know small music.,私は「小さい音楽」を知っています。,easy,true
G2-099,small plum,小さいすもも,2,fruit,果物,,I know small plum.,私は「小さいすもも」を知っています。,easy,true
G2-100,cargo bus,荷物用のバス,2,vehicle,乗り物,,I know cargo bus.,私は「荷物用のバス」を知っています。,easy,true
G2-101,simple blue,かんたんな青,2,color,色,,I know simple blue.,私は「かんたんな青」を知っています。,easy,true
G2-102,small fish,小さい魚,2,animal,動物,,I know small fish.,私は「小さい魚」を知っています。,easy,true
G2-103,small egg,小さい卵,2,food,食べ物,,I know small egg.,私は「小さい卵」を知っています。,easy,true
G2-104,small daughter,小さい娘,2,family,家族,,I know small daughter.,私は「小さい娘」を知っています。,easy,true
G2-105,small pen,小さいペン,2,school,学校,,I know small pen.,私は「小さいペン」を知っています。,easy,true
G2-106,Saturday night,土曜日の夜,2,day_week,曜日,,I know Saturday night.,私は「土曜日の夜」を知っています。,easy,true
G2-107,winter rainy,冬の雨,2,weather,天気,,I know winter rainy.,私は「冬の雨」を知っています。,easy,true
G2-108,small ear,小さい耳,2,body,体,,I know small ear.,私は「小さい耳」を知っています。,easy,true
G2-109,small bedroom,小さい寝室,2,house,家の中,,I know small bedroom.,私は「小さい寝室」を知っています。,easy,true
G2-110,famous teacher,有名な先生,2,job,職業,,I know famous teacher.,私は「有名な先生」を知っています。,easy,true
G2-111,in the morning sad,朝に悲しい,2,feeling,気持ち,,I know in the morning sad.,私は「朝に悲しい」を知っています。,easy,true
G2-112,small sport,小さいスポーツ,2,daily_life,日常生活,,I know small sport.,私は「小さいスポーツ」を知っています。,easy,true
G2-113,small fig,小さいいちじく,2,fruit,果物,,I know small fig.,私は「小さいいちじく」を知っています。,easy,true
G2-114,rescue bus,救助用のバス,2,vehicle,乗り物,,I know rescue bus.,私は「救助用のバス」を知っています。,easy,true
G2-115,new blue,新しい青,2,color,色,,I know new blue.,私は「新しい青」を知っています。,easy,true
G2-116,small rabbit,小さいうさぎ,2,animal,動物,,I know small rabbit.,私は「小さいうさぎ」を知っています。,easy,true
G2-117,small cheese,小さいチーズ,2,food,食べ物,,I know small cheese.,私は「小さいチーズ」を知っています。,easy,true
G2-118,small son,小さい息子,2,family,家族,,I know small son.,私は「小さい息子」を知っています。,easy,true
G2-119,small eraser,小さい消しゴム,2,school,学校,,I know small eraser.,私は「小さい消しゴム」を知っています。,easy,true
G2-120,Saturday class,土曜日の授業,2,day_week,曜日,,I know Saturday class.,私は「土曜日の授業」を知っています。,easy,true
G2-121,evening is rainy,夕方は雨,2,weather,天気,,I know evening is rainy.,私は「夕方は雨」を知っています。,easy,true
G2-122,small nose,小さい鼻,2,body,体,,I know small nose.,私は「小さい鼻」を知っています。,easy,true
G2-123,small bathroom,小さい浴室,2,house,家の中,,I know small bathroom.,私は「小さい浴室」を知っています。,easy,true
G2-124,young teacher,若い先生,2,job,職業,,I know young teacher.,私は「若い先生」を知っています。,easy,true
G2-125,at night sad,夜に悲しい,2,feeling,気持ち,,I know at night sad.,私は「夜に悲しい」を知っています。,easy,true
G2-126,small club,小さいクラブ,2,daily_life,日常生活,,I know small club.,私は「小さいクラブ」を知っています。,easy,true
G2-127,new apple,新しいりんご,2,fruit,果物,,I know new apple.,私は「新しいりんご」を知っています。,easy,true
G2-128,toy train,おもちゃの電車,2,vehicle,乗り物,,I know toy train.,私は「おもちゃの電車」を知っています。,easy,true
G2-129,light green,明るい緑,2,color,色,,I know light green.,私は「明るい緑」を知っています。,easy,true
G2-130,small horse,小さい馬,2,animal,動物,,I know small horse.,私は「小さい馬」を知っています。,easy,true
G2-131,small meat,小さい肉,2,food,食べ物,,I know small meat.,私は「小さい肉」を知っています。,easy,true
G2-132,new mother,新しい母,2,family,家族,,I know new mother.,私は「新しい母」を知っています。,easy,true
G2-133,small ruler,小さいものさし,2,school,学校,,I know small ruler.,私は「小さいものさし」を知っています。,easy,true
G2-134,Sunday morning,日曜日の朝,2,day_week,曜日,,I know Sunday morning.,私は「日曜日の朝」を知っています。,easy,true
G2-135,today is cloudy,今日はくもり,2,weather,天気,,I know today is cloudy.,私は「今日はくもり」を知っています。,easy,true
G2-136,small mouth,小さい口,2,body,体,,I know small mouth.,私は「小さい口」を知っています。,easy,true
G2-137,small door,小さいドア,2,house,家の中,,I know small door.,私は「小さいドア」を知っています。,easy,true
G2-138,school artist,学校の芸術家,2,job,職業,,I know school artist.,私は「学校の芸術家」を知っています。,easy,true
G2-139,very angry,とても怒った,2,feeling,気持ち,,I know very angry.,私は「とても怒った」を知っています。,easy,true
G2-140,small birthday,小さい誕生日,2,daily_life,日常生活,,I know small birthday.,私は「小さい誕生日」を知っています。,easy,true
G2-141,new banana,新しいバナナ,2,fruit,果物,,I know new banana.,私は「新しいバナナ」を知っています。,easy,true
G2-142,model train,模型の電車,2,vehicle,乗り物,,I know model train.,私は「模型の電車」を知っています。,easy,true
G2-143,dark green,濃い緑,2,color,色,,I know dark green.,私は「濃い緑」を知っています。,easy,true
G2-144,small cow,小さい牛,2,animal,動物,,I know small cow.,私は「小さい牛」を知っています。,easy,true
G2-145,small chicken,小さい鶏肉,2,food,食べ物,,I know small chicken.,私は「小さい鶏肉」を知っています。,easy,true
G2-146,new father,新しい父,2,family,家族,,I know new father.,私は「新しい父」を知っています。,easy,true
G2-147,small notebook,小さいノート,2,school,学校,,I know small notebook.,私は「小さいノート」を知っています。,easy,true
G2-148,Sunday afternoon,日曜日の午後,2,day_week,曜日,,I know Sunday afternoon.,私は「日曜日の午後」を知っています。,easy,true
G2-149,tomorrow is cloudy,明日はくもり,2,weather,天気,,I know tomorrow is cloudy.,私は「明日はくもり」を知っています。,easy,true
G2-150,small tooth,小さい歯,2,body,体,,I know small tooth.,私は「小さい歯」を知っています。,easy,true
G2-151,small window,小さい窓,2,house,家の中,,I know small window.,私は「小さい窓」を知っています。,easy,true
G2-152,hospital artist,病院の芸術家,2,job,職業,,I know hospital artist.,私は「病院の芸術家」を知っています。,easy,true
G2-153,a little angry,少し怒った,2,feeling,気持ち,,I know a little angry.,私は「少し怒った」を知っています。,easy,true
G2-154,small holiday,小さい休日,2,daily_life,日常生活,,I know small holiday.,私は「小さい休日」を知っています。,easy,true
G2-155,new orange,新しいオレンジ,2,fruit,果物,,I know new orange.,私は「新しいオレンジ」を知っています。,easy,true
G2-156,electric train,電動の電車,2,vehicle,乗り物,,I know electric train.,私は「電動の電車」を知っています。,easy,true
G2-157,deep green,深い緑,2,color,色,,I know deep green.,私は「深い緑」を知っています。,easy,true
G2-158,small pig,小さいぶた,2,animal,動物,,I know small pig.,私は「小さいぶた」を知っています。,easy,true
G2-159,small fish,小さい魚,2,food,食べ物,,I know small fish.,私は「小さい魚」を知っています。,easy,true
G2-160,new sister,新しい姉妹,2,family,家族,,I know new sister.,私は「新しい姉妹」を知っています。,easy,true
G2-161,small desk,小さい机,2,school,学校,,I know small desk.,私は「小さい机」を知っています。,easy,true
G2-162,Sunday evening,日曜日の夕方,2,day_week,曜日,,I know Sunday evening.,私は「日曜日の夕方」を知っています。,easy,true
G2-163,morning is cloudy,朝はくもり,2,weather,天気,,I know morning is cloudy.,私は「朝はくもり」を知っています。,easy,true
G2-164,small hand,小さい手,2,body,体,,I know small hand.,私は「小さい手」を知っています。,easy,true
G2-165,small floor,小さい床,2,house,家の中,,I know small floor.,私は「小さい床」を知っています。,easy,true
G2-166,town artist,町の芸術家,2,job,職業,,I know town artist.,私は「町の芸術家」を知っています。,easy,true
G2-167,still angry,まだ怒った,2,feeling,気持ち,,I know still angry.,私は「まだ怒った」を知っています。,easy,true
G2-168,small money,小さいお金,2,daily_life,日常生活,,I know small money.,私は「小さいお金」を知っています。,easy,true
G2-169,new grape,新しいぶどう,2,fruit,果物,,I know new grape.,私は「新しいぶどう」を知っています。,easy,true
G2-170,fast train,速い電車,2,vehicle,乗り物,,I know fast train.,私は「速い電車」を知っています。,easy,true
G2-171,pale green,淡い緑,2,color,色,,I know pale green.,私は「淡い緑」を知っています。,easy,true
G2-172,small sheep,小さい羊,2,animal,動物,,I know small sheep.,私は「小さい羊」を知っています。,easy,true
G2-173,small soup,小さいスープ,2,food,食べ物,,I know small soup.,私は「小さいスープ」を知っています。,easy,true
G2-174,new brother,新しい兄弟,2,family,家族,,I know new brother.,私は「新しい兄弟」を知っています。,easy,true
G2-175,small chair,小さいいす,2,school,学校,,I know small chair.,私は「小さいいす」を知っています。,easy,true
G2-176,Sunday night,日曜日の夜,2,day_week,曜日,,I know Sunday night.,私は「日曜日の夜」を知っています。,easy,true
G2-177,afternoon is cloudy,午後はくもり,2,weather,天気,,I know afternoon is cloudy.,私は「午後はくもり」を知っています。,easy,true
G2-178,small finger,小さい指,2,body,体,,I know small finger.,私は「小さい指」を知っています。,easy,true
G2-179,small wall,小さい壁,2,house,家の中,,I know small wall.,私は「小さい壁」を知っています。,easy,true
G2-180,airport artist,空港の芸術家,2,job,職業,,I know airport artist.,私は「空港の芸術家」を知っています。,easy,true
G2-181,really angry,本当に怒った,2,feeling,気持ち,,I know really angry.,私は「本当に怒った」を知っています。,easy,true
G2-182,small ticket,小さい切符,2,daily_life,日常生活,,I know small ticket.,私は「小さい切符」を知っています。,easy,true
G2-183,new melon,新しいメロン,2,fruit,果物,,I know new melon.,私は「新しいメロン」を知っています。,easy,true
G2-184,slow train,ゆっくりの電車,2,vehicle,乗り物,,I know slow train.,私は「ゆっくりの電車」を知っています。,easy,true
G2-185,soft green,やわらかい緑,2,color,色,,I know soft green.,私は「やわらかい緑」を知っています。,easy,true
G2-186,small goat,小さいやぎ,2,animal,動物,,I know small goat.,私は「小さいやぎ」を知っています。,easy,true
G2-187,small salad,小さいサラダ,2,food,食べ物,,I know small salad.,私は「小さいサラダ」を知っています。,easy,true
G2-188,new grandmother,新しい祖母,2,family,家族,,I know new grandmother.,私は「新しい祖母」を知っています。,easy,true
G2-189,small classroom,小さい教室,2,school,学校,,I know small classroom.,私は「小さい教室」を知っています。,easy,true
G2-190,Sunday class,日曜日の授業,2,day_week,曜日,,I know Sunday class.,私は「日曜日の授業」を知っています。,easy,true
G2-191,weekend is cloudy,週末はくもり,2,weather,天気,,I know weekend is cloudy.,私は「週末はくもり」を知っています。,easy,true
G2-192,small arm,小さい腕,2,body,体,,I know small arm.,私は「小さい腕」を知っています。,easy,true
G2-193,small roof,小さい屋根,2,house,家の中,,I know small roof.,私は「小さい屋根」を知っています。,easy,true
G2-194,station artist,駅の芸術家,2,job,職業,,I know station artist.,私は「駅の芸術家」を知っています。,easy,true
G2-195,sometimes angry,時々怒った,2,feeling,気持ち,,I know sometimes angry.,私は「時々怒った」を知っています。,easy,true
G2-196,small phone,小さい電話,2,daily_life,日常生活,,I know small phone.,私は「小さい電話」を知っています。,easy,true
G2-197,new peach,新しいもも,2,fruit,果物,,I know new peach.,私は「新しいもも」を知っています。,easy,true
G2-198,safe train,安全な電車,2,vehicle,乗り物,,I know safe train.,私は「安全な電車」を知っています。,easy,true
G2-199,bright green,鮮やかな緑,2,color,色,,I know bright green.,私は「鮮やかな緑」を知っています。,easy,true
G2-200,small lion,小さいライオン,2,animal,動物,,I know small lion.,私は「小さいライオン」を知っています。,easy,true
G2-201,small cake,小さいケーキ,2,food,食べ物,,I know small cake.,私は「小さいケーキ」を知っています。,easy,true
G2-202,new grandfather,新しい祖父,2,family,家族,,I know new grandfather.,私は「新しい祖父」を知っています。,easy,true
G2-203,small teacher,小さい先生,2,school,学校,,I know small teacher.,私は「小さい先生」を知っています。,easy,true
G2-204,today morning,今日の朝,2,day_week,曜日,,I know today morning.,私は「今日の朝」を知っています。,easy,true
G2-205,this week is cloudy,今週はくもり,2,weather,天気,,I know this week is cloudy.,私は「今週はくもり」を知っています。,easy,true
G2-206,small leg,小さい脚,2,body,体,,I know small leg.,私は「小さい脚」を知っています。,easy,true
G2-207,small bed,小さいベッド,2,house,家の中,,I know small bed.,私は「小さいベッド」を知っています。,easy,true
G2-208,zoo artist,動物園の芸術家,2,job,職業,,I know zoo artist.,私は「動物園の芸術家」を知っています。,easy,true
G2-209,today angry,今日は怒った,2,feeling,気持ち,,I know today angry.,私は「今日は怒った」を知っています。,easy,true
G2-210,small photo,小さい写真,2,daily_life,日常生活,,I know small photo.,私は「小さい写真」を知っています。,easy,true
G2-211,new pear,新しいなし,2,fruit,果物,,I know new pear.,私は「新しいなし」を知っています。,easy,true
G2-212,new train,新しい電車,2,vehicle,乗り物,,I know new train.,私は「新しい電車」を知っています。,easy,true
G2-213,clear green,はっきりした緑,2,color,色,,I know clear green.,私は「はっきりした緑」を知っています。,easy,true
G2-214,small tiger,小さいトラ,2,animal,動物,,I know small tiger.,私は「小さいトラ」を知っています。,easy,true
G2-215,small cookie,小さいクッキー,2,food,食べ物,,I know small cookie.,私は「小さいクッキー」を知っています。,easy,true
G2-216,new aunt,新しいおば,2,family,家族,,I know new aunt.,私は「新しいおば」を知っています。,easy,true
G2-217,small student,小さい生徒,2,school,学校,,I know small student.,私は「小さい生徒」を知っています。,easy,true
G2-218,today afternoon,今日の午後,2,day_week,曜日,,I know today afternoon.,私は「今日の午後」を知っています。,easy,true
G2-219,next week is cloudy,来週はくもり,2,weather,天気,,I know next week is cloudy.,私は「来週はくもり」を知っています。,easy,true
G2-220,small foot,小さい足,2,body,体,,I know small foot.,私は「小さい足」を知っています。,easy,true
G2-221,small table,小さいテーブル,2,house,家の中,,I know small table.,私は「小さいテーブル」を知っています。,easy,true
G2-222,museum artist,博物館の芸術家,2,job,職業,,I know museum artist.,私は「博物館の芸術家」を知っています。,easy,true
G2-223,now angry,今怒った,2,feeling,気持ち,,I know now angry.,私は「今怒った」を知っています。,easy,true
G2-224,small letter,小さい手紙,2,daily_life,日常生活,,I know small letter.,私は「小さい手紙」を知っています。,easy,true
G2-225,new lemon,新しいレモン,2,fruit,果物,,I know new lemon.,私は「新しいレモン」を知っています。,easy,true
G2-226,old train,古い電車,2,vehicle,乗り物,,I know old train.,私は「古い電車」を知っています。,easy,true
G2-227,warm green,暖かい緑,2,color,色,,I know warm green.,私は「暖かい緑」を知っています。,easy,true
G2-228,small bear,小さいくま,2,animal,動物,,I know small bear.,私は「小さいくま」を知っています。,easy,true
G2-229,small pizza,小さいピザ,2,food,食べ物,,I know small pizza.,私は「小さいピザ」を知っています。,easy,true
G2-230,new uncle,新しいおじ,2,family,家族,,I know new uncle.,私は「新しいおじ」を知っています。,easy,true
G2-231,small homework,小さい宿題,2,school,学校,,I know small homework.,私は「小さい宿題」を知っています。,easy,true
G2-232,today evening,今日の夕方,2,day_week,曜日,,I know today evening.,私は「今日の夕方」を知っています。,easy,true
G2-233,school day is cloudy,学校の日はくもり,2,weather,天気,,I know school day is cloudy.,私は「学校の日はくもり」を知っています。,easy,true
G2-234,small shoulder,小さい肩,2,body,体,,I know small shoulder.,私は「小さい肩」を知っています。,easy,true
G2-235,small sofa,小さいソファ,2,house,家の中,,I know small sofa.,私は「小さいソファ」を知っています。,easy,true
G2-236,restaurant artist,レストランの芸術家,2,job,職業,,I know restaurant artist.,私は「レストランの芸術家」を知っています。,easy,true
G2-237,after class angry,授業の後で怒った,2,feeling,気持ち,,I know after class angry.,私は「授業の後で怒った」を知っています。,easy,true
G2-238,small bag,小さいかばん,2,daily_life,日常生活,,I know small bag.,私は「小さいかばん」を知っています。,easy,true
G2-239,new cherry,新しいさくらんぼ,2,fruit,果物,,I know new cherry.,私は「新しいさくらんぼ」を知っています。,easy,true
G2-240,small train,小型の電車,2,vehicle,乗り物,,I know small train.,私は「小型の電車」を知っています。,easy,true
G2-241,cool green,涼しげな緑,2,color,色,,I know cool green.,私は「涼しげな緑」を知っています。,easy,true
G2-242,small monkey,小さいさる,2,animal,動物,,I know small monkey.,私は「小さいさる」を知っています。,easy,true
G2-243,small noodle,小さいめん,2,food,食べ物,,I know small noodle.,私は「小さいめん」を知っています。,easy,true
G2-244,new cousin,新しいいとこ,2,family,家族,,I know new cousin.,私は「新しいいとこ」を知っています。,easy,true
G2-245,small question,小さい質問,2,school,学校,,I know small question.,私は「小さい質問」を知っています。,easy,true
G2-246,today night,今日の夜,2,day_week,曜日,,I know today night.,私は「今日の夜」を知っています。,easy,true
G2-247,holiday is cloudy,休日はくもり,2,weather,天気,,I know holiday is cloudy.,私は「休日はくもり」を知っています。,easy,true
G2-248,small knee,小さいひざ,2,body,体,,I know small knee.,私は「小さいひざ」を知っています。,easy,true
G2-249,small lamp,小さいランプ,2,house,家の中,,I know small lamp.,私は「小さいランプ」を知っています。,easy,true
G2-250,farm artist,農場の芸術家,2,job,職業,,I know farm artist.,私は「農場の芸術家」を知っています。,easy,true
G2-251,before test angry,テスト前に怒った,2,feeling,気持ち,,I know before test angry.,私は「テスト前に怒った」を知っています。,easy,true
G2-252,small umbrella,小さい傘,2,daily_life,日常生活,,I know small umbrella.,私は「小さい傘」を知っています。,easy,true
G2-253,new strawberry,新しいいちご,2,fruit,果物,,I know new strawberry.,私は「新しいいちご」を知っています。,easy,true
G2-254,large train,大型の電車,2,vehicle,乗り物,,I know large train.,私は「大型の電車」を知っています。,easy,true
G2-255,favorite green,好きな緑,2,color,色,,I know favorite green.,私は「好きな緑」を知っています。,easy,true
G2-256,small panda,小さいパンダ,2,animal,動物,,I know small panda.,私は「小さいパンダ」を知っています。,easy,true
G2-257,small sandwich,小さいサンドイッチ,2,food,食べ物,,I know small sandwich.,私は「小さいサンドイッチ」を知っています。,easy,true
G2-258,new baby,新しい赤ちゃん,2,family,家族,,I know new baby.,私は「新しい赤ちゃん」を知っています。,easy,true
G2-259,small lesson,小さい授業,2,school,学校,,I know small lesson.,私は「小さい授業」を知っています。,easy,true
G2-260,today class,今日の授業,2,day_week,曜日,,I know today class.,私は「今日の授業」を知っています。,easy,true
G2-261,outside is cloudy,外はくもり,2,weather,天気,,I know outside is cloudy.,私は「外はくもり」を知っています。,easy,true
G2-262,small heart,小さい心臓,2,body,体,,I know small heart.,私は「小さい心臓」を知っています。,easy,true
G2-263,small clock,小さい時計,2,house,家の中,,I know small clock.,私は「小さい時計」を知っています。,easy,true
G2-264,library artist,図書館の芸術家,2,job,職業,,I know library artist.,私は「図書館の芸術家」を知っています。,easy,true
G2-265,with friends angry,友だちといて怒った,2,feeling,気持ち,,I know with friends angry.,私は「友だちといて怒った」を知っています。,easy,true
G2-266,small key,小さい鍵,2,daily_life,日常生活,,I know small key.,私は「小さい鍵」を知っています。,easy,true
G2-267,new pineapple,新しいパイナップル,2,fruit,果物,,I know new pineapple.,私は「新しいパイナップル」を知っています。,easy,true
G2-268,long train,長い電車,2,vehicle,乗り物,,I know long train.,私は「長い電車」を知っています。,easy,true
G2-269,school green,学校で使う緑,2,color,色,,I know school green.,私は「学校で使う緑」を知っています。,easy,true
G2-270,small elephant,小さいぞう,2,animal,動物,,I know small elephant.,私は「小さいぞう」を知っています。,easy,true
G2-271,small curry,小さいカレー,2,food,食べ物,,I know small curry.,私は「小さいカレー」を知っています。,easy,true
G2-272,new parent,新しい親,2,family,家族,,I know new parent.,私は「新しい親」を知っています。,easy,true
G2-273,small test,小さいテスト,2,school,学校,,I know small test.,私は「小さいテスト」を知っています。,easy,true
G2-274,tomorrow morning,明日の朝,2,day_week,曜日,,I know tomorrow morning.,私は「明日の朝」を知っています。,easy,true
G2-275,spring cloudy,春のくもり,2,weather,天気,,I know spring cloudy.,私は「春のくもり」を知っています。,easy,true
G2-276,small hair,小さい髪,2,body,体,,I know small hair.,私は「小さい髪」を知っています。,easy,true
G2-277,small garden,小さい庭,2,house,家の中,,I know small garden.,私は「小さい庭」を知っています。,easy,true
G2-278,kind artist,親切な芸術家,2,job,職業,,I know kind artist.,私は「親切な芸術家」を知っています。,easy,true
G2-279,at school angry,学校で怒った,2,feeling,気持ち,,I know at school angry.,私は「学校で怒った」を知っています。,easy,true
G2-280,small future,小さい未来,2,daily_life,日常生活,,I know small future.,私は「小さい未来」を知っています。,easy,true
G2-281,new kiwi,新しいキウイ,2,fruit,果物,,I know new kiwi.,私は「新しいキウイ」を知っています。,easy,true
G2-282,short train,短い電車,2,vehicle,乗り物,,I know short train.,私は「短い電車」を知っています。,easy,true
G2-283,basic green,基本の緑,2,color,色,,I know basic green.,私は「基本の緑」を知っています。,easy,true
G2-284,small giraffe,小さいキリン,2,animal,動物,,I know small giraffe.,私は「小さいキリン」を知っています。,easy,true
G2-285,small tea,小さいお茶,2,food,食べ物,,I know small tea.,私は「小さいお茶」を知っています。,easy,true
G2-286,new child,新しい子ども,2,family,家族,,I know new child.,私は「新しい子ども」を知っています。,easy,true
G2-287,small map,小さい地図,2,school,学校,,I know small map.,私は「小さい地図」を知っています。,easy,true
G2-288,tomorrow afternoon,明日の午後,2,day_week,曜日,,I know tomorrow afternoon.,私は「明日の午後」を知っています。,easy,true
G2-289,summer cloudy,夏のくもり,2,weather,天気,,I know summer cloudy.,私は「夏のくもり」を知っています。,easy,true
G2-290,small neck,小さい首,2,body,体,,I know small neck.,私は「小さい首」を知っています。,easy,true
G2-291,small stairs,小さい階段,2,house,家の中,,I know small stairs.,私は「小さい階段」を知っています。,easy,true
G2-292,busy artist,忙しい芸術家,2,job,職業,,I know busy artist.,私は「忙しい芸術家」を知っています。,easy,true
G2-293,at home angry,家で怒った,2,feeling,気持ち,,I know at home angry.,私は「家で怒った」を知っています。,easy,true
G2-294,small dream,小さい夢,2,daily_life,日常生活,,I know small dream.,私は「小さい夢」を知っています。,easy,true
G2-295,new mango,新しいマンゴー,2,fruit,果物,,I know new mango.,私は「新しいマンゴー」を知っています。,easy,true
G2-296,passenger train,乗客用の電車,2,vehicle,乗り物,,I know passenger train.,私は「乗客用の電車」を知っています。,easy,true
G2-297,pretty green,きれいな緑,2,color,色,,I know pretty green.,私は「きれいな緑」を知っています。,easy,true
G2-298,small zebra,小さいシマウマ,2,animal,動物,,I know small zebra.,私は「小さいシマウマ」を知っています。,easy,true
G2-299,small water,小さい水,2,food,食べ物,,I know small water.,私は「小さい水」を知っています。,easy,true
G2-300,new family,新しい家族,2,family,家族,,I know new family.,私は「新しい家族」を知っています。,easy,true
G2-301,small globe,小さい地球儀,2,school,学校,,I know small globe.,私は「小さい地球儀」を知っています。,easy,true
G2-302,tomorrow evening,明日の夕方,2,day_week,曜日,,I know tomorrow evening.,私は「明日の夕方」を知っています。,easy,true
G2-303,fall cloudy,秋のくもり,2,weather,天気,,I know fall cloudy.,私は「秋のくもり」を知っています。,easy,true
G2-304,small back,小さい背中,2,body,体,,I know small back.,私は「小さい背中」を知っています。,easy,true
G2-305,small mirror,小さい鏡,2,house,家の中,,I know small mirror.,私は「小さい鏡」を知っています。,easy,true
G2-306,new artist,新しい芸術家,2,job,職業,,I know new artist.,私は「新しい芸術家」を知っています。,easy,true
G2-307,on Monday angry,月曜日に怒った,2,feeling,気持ち,,I know on Monday angry.,私は「月曜日に怒った」を知っています。,easy,true
G2-308,small plan,小さい計画,2,daily_life,日常生活,,I know small plan.,私は「小さい計画」を知っています。,easy,true
G2-309,new plum,新しいすもも,2,fruit,果物,,I know new plum.,私は「新しいすもも」を知っています。,easy,true
G2-310,cargo train,荷物用の電車,2,vehicle,乗り物,,I know cargo train.,私は「荷物用の電車」を知っています。,easy,true
G2-311,simple green,かんたんな緑,2,color,色,,I know simple green.,私は「かんたんな緑」を知っています。,easy,true
G2-312,small kangaroo,小さいカンガルー,2,animal,動物,,I know small kangaroo.,私は「小さいカンガルー」を知っています。,easy,true
G2-313,small juice,小さいジュース,2,food,食べ物,,I know small juice.,私は「小さいジュース」を知っています。,easy,true
G2-314,new daughter,新しい娘,2,family,家族,,I know new daughter.,私は「新しい娘」を知っています。,easy,true
G2-315,small library,小さい図書館,2,school,学校,,I know small library.,私は「小さい図書館」を知っています。,easy,true
G2-316,tomorrow night,明日の夜,2,day_week,曜日,,I know tomorrow night.,私は「明日の夜」を知っています。,easy,true
G2-317,winter cloudy,冬のくもり,2,weather,天気,,I know winter cloudy.,私は「冬のくもり」を知っています。,easy,true
G2-318,small stomach,小さいおなか,2,body,体,,I know small stomach.,私は「小さいおなか」を知っています。,easy,true
G2-319,small shelf,小さい棚,2,house,家の中,,I know small shelf.,私は「小さい棚」を知っています。,easy,true
G2-320,famous artist,有名な芸術家,2,job,職業,,I know famous artist.,私は「有名な芸術家」を知っています。,easy,true
G2-321,in the morning angry,朝に怒った,2,feeling,気持ち,,I know in the morning angry.,私は「朝に怒った」を知っています。,easy,true
G2-322,small rule,小さいルール,2,daily_life,日常生活,,I know small rule.,私は「小さいルール」を知っています。,easy,true
G2-323,new fig,新しいいちじく,2,fruit,果物,,I know new fig.,私は「新しいいちじく」を知っています。,easy,true
G2-324,rescue train,救助用の電車,2,vehicle,乗り物,,I know rescue train.,私は「救助用の電車」を知っています。,easy,true
G2-325,new green,新しい緑,2,color,色,,I know new green.,私は「新しい緑」を知っています。,easy,true
G2-326,small koala,小さいコアラ,2,animal,動物,,I know small koala.,私は「小さいコアラ」を知っています。,easy,true
G2-327,small yogurt,小さいヨーグルト,2,food,食べ物,,I know small yogurt.,私は「小さいヨーグルト」を知っています。,easy,true
G2-328,new son,新しい息子,2,family,家族,,I know new son.,私は「新しい息子」を知っています。,easy,true
G2-329,small marker,小さいマーカー,2,school,学校,,I know small marker.,私は「小さいマーカー」を知っています。,easy,true
G2-330,tomorrow class,明日の授業,2,day_week,曜日,,I know tomorrow class.,私は「明日の授業」を知っています。,easy,true
G2-331,evening is cloudy,夕方はくもり,2,weather,天気,,I know evening is cloudy.,私は「夕方はくもり」を知っています。,easy,true
G2-332,small voice,小さい声,2,body,体,,I know small voice.,私は「小さい声」を知っています。,easy,true
G2-333,small closet,小さいクローゼット,2,house,家の中,,I know small closet.,私は「小さいクローゼット」を知っています。,easy,true
G2-334,young artist,若い芸術家,2,job,職業,,I know young artist.,私は「若い芸術家」を知っています。,easy,true
G2-335,at night angry,夜に怒った,2,feeling,気持ち,,I know at night angry.,私は「夜に怒った」を知っています。,easy,true
G2-336,small team,小さいチーム,2,daily_life,日常生活,,I know small team.,私は「小さいチーム」を知っています。,easy,true
G2-337,old apple,古いりんご,2,fruit,果物,,I know old apple.,私は「古いりんご」を知っています。,easy,true
G2-338,toy bike,おもちゃの自転車,2,vehicle,乗り物,,I know toy bike.,私は「おもちゃの自転車」を知っています。,easy,true
G2-339,light yellow,明るい黄色,2,color,色,,I know light yellow.,私は「明るい黄色」を知っています。,easy,true
G2-340,new dog,新しい犬,2,animal,動物,,I know new dog.,私は「新しい犬」を知っています。,easy,true
G2-341,new rice,新しいごはん,2,food,食べ物,,I know new rice.,私は「新しいごはん」を知っています。,easy,true
G2-342,old mother,古い母,2,family,家族,,I know old mother.,私は「古い母」を知っています。,easy,true
G2-343,new school,新しい学校,2,school,学校,,I know new school.,私は「新しい学校」を知っています。,easy,true
G2-344,yesterday morning,昨日の朝,2,day_week,曜日,,I know yesterday morning.,私は「昨日の朝」を知っています。,easy,true
G2-345,today is windy,今日は風が強い,2,weather,天気,,I know today is windy.,私は「今日は風が強い」を知っています。,easy,true
G2-346,new head,新しい頭,2,body,体,,I know new head.,私は「新しい頭」を知っています。,easy,true
G2-347,new house,新しい家,2,house,家の中,,I know new house.,私は「新しい家」を知っています。,easy,true
G2-348,school engineer,学校の技術者,2,job,職業,,I know school engineer.,私は「学校の技術者」を知っています。,easy,true
G2-349,very tired,とても疲れた,2,feeling,気持ち,,I know very tired.,私は「とても疲れた」を知っています。,easy,true
G2-350,new friend,新しい友だち,2,daily_life,日常生活,,I know new friend.,私は「新しい友だち」を知っています。,easy,true
G2-351,old banana,古いバナナ,2,fruit,果物,,I know old banana.,私は「古いバナナ」を知っています。,easy,true
G2-352,model bike,模型の自転車,2,vehicle,乗り物,,I know model bike.,私は「模型の自転車」を知っています。,easy,true
G2-353,dark yellow,濃い黄色,2,color,色,,I know dark yellow.,私は「濃い黄色」を知っています。,easy,true
G2-354,new cat,新しいねこ,2,animal,動物,,I know new cat.,私は「新しいねこ」を知っています。,easy,true
G2-355,new bread,新しいパン,2,food,食べ物,,I know new bread.,私は「新しいパン」を知っています。,easy,true
G2-356,old father,古い父,2,family,家族,,I know old father.,私は「古い父」を知っています。,easy,true
G2-357,new book,新しい本,2,school,学校,,I know new book.,私は「新しい本」を知っています。,easy,true
G2-358,yesterday afternoon,昨日の午後,2,day_week,曜日,,I know yesterday afternoon.,私は「昨日の午後」を知っています。,easy,true
G2-359,tomorrow is windy,明日は風が強い,2,weather,天気,,I know tomorrow is windy.,私は「明日は風が強い」を知っています。,easy,true
G2-360,new face,新しい顔,2,body,体,,I know new face.,私は「新しい顔」を知っています。,easy,true
G2-361,new room,新しい部屋,2,house,家の中,,I know new room.,私は「新しい部屋」を知っています。,easy,true
G2-362,hospital engineer,病院の技術者,2,job,職業,,I know hospital engineer.,私は「病院の技術者」を知っています。,easy,true
G2-363,a little tired,少し疲れた,2,feeling,気持ち,,I know a little tired.,私は「少し疲れた」を知っています。,easy,true
G2-364,new game,新しいゲーム,2,daily_life,日常生活,,I know new game.,私は「新しいゲーム」を知っています。,easy,true
G2-365,old orange,古いオレンジ,2,fruit,果物,,I know old orange.,私は「古いオレンジ」を知っています。,easy,true
G2-366,electric bike,電動の自転車,2,vehicle,乗り物,,I know electric bike.,私は「電動の自転車」を知っています。,easy,true
G2-367,deep yellow,深い黄色,2,color,色,,I know deep yellow.,私は「深い黄色」を知っています。,easy,true
G2-368,new bird,新しい鳥,2,animal,動物,,I know new bird.,私は「新しい鳥」を知っています。,easy,true
G2-369,new milk,新しい牛乳,2,food,食べ物,,I know new milk.,私は「新しい牛乳」を知っています。,easy,true
G2-370,old sister,古い姉妹,2,family,家族,,I know old sister.,私は「古い姉妹」を知っています。,easy,true
G2-371,new pencil,新しい鉛筆,2,school,学校,,I know new pencil.,私は「新しい鉛筆」を知っています。,easy,true
G2-372,yesterday evening,昨日の夕方,2,day_week,曜日,,I know yesterday evening.,私は「昨日の夕方」を知っています。,easy,true
G2-373,morning is windy,朝は風が強い,2,weather,天気,,I know morning is windy.,私は「朝は風が強い」を知っています。,easy,true
G2-374,new eye,新しい目,2,body,体,,I know new eye.,私は「新しい目」を知っています。,easy,true
G2-375,new kitchen,新しい台所,2,house,家の中,,I know new kitchen.,私は「新しい台所」を知っています。,easy,true
G2-376,town engineer,町の技術者,2,job,職業,,I know town engineer.,私は「町の技術者」を知っています。,easy,true
G2-377,still tired,まだ疲れた,2,feeling,気持ち,,I know still tired.,私は「まだ疲れた」を知っています。,easy,true
G2-378,new music,新しい音楽,2,daily_life,日常生活,,I know new music.,私は「新しい音楽」を知っています。,easy,true
G2-379,old grape,古いぶどう,2,fruit,果物,,I know old grape.,私は「古いぶどう」を知っています。,easy,true
G2-380,fast bike,速い自転車,2,vehicle,乗り物,,I know fast bike.,私は「速い自転車」を知っています。,easy,true
G2-381,pale yellow,淡い黄色,2,color,色,,I know pale yellow.,私は「淡い黄色」を知っています。,easy,true
G2-382,new fish,新しい魚,2,animal,動物,,I know new fish.,私は「新しい魚」を知っています。,easy,true
G2-383,new egg,新しい卵,2,food,食べ物,,I know new egg.,私は「新しい卵」を知っています。,easy,true
G2-384,old brother,古い兄弟,2,family,家族,,I know old brother.,私は「古い兄弟」を知っています。,easy,true
G2-385,new pen,新しいペン,2,school,学校,,I know new pen.,私は「新しいペン」を知っています。,easy,true
G2-386,yesterday night,昨日の夜,2,day_week,曜日,,I know yesterday night.,私は「昨日の夜」を知っています。,easy,true
G2-387,afternoon is windy,午後は風が強い,2,weather,天気,,I know afternoon is windy.,私は「午後は風が強い」を知っています。,easy,true
G2-388,new ear,新しい耳,2,body,体,,I know new ear.,私は「新しい耳」を知っています。,easy,true
G2-389,new bedroom,新しい寝室,2,house,家の中,,I know new bedroom.,私は「新しい寝室」を知っています。,easy,true
G2-390,airport engineer,空港の技術者,2,job,職業,,I know airport engineer.,私は「空港の技術者」を知っています。,easy,true
G2-391,really tired,本当に疲れた,2,feeling,気持ち,,I know really tired.,私は「本当に疲れた」を知っています。,easy,true
G2-392,new sport,新しいスポーツ,2,daily_life,日常生活,,I know new sport.,私は「新しいスポーツ」を知っています。,easy,true
G2-393,old melon,古いメロン,2,fruit,果物,,I know old melon.,私は「古いメロン」を知っています。,easy,true
G2-394,slow bike,ゆっくりの自転車,2,vehicle,乗り物,,I know slow bike.,私は「ゆっくりの自転車」を知っています。,easy,true
G2-395,soft yellow,やわらかい黄色,2,color,色,,I know soft yellow.,私は「やわらかい黄色」を知っています。,easy,true
G2-396,new rabbit,新しいうさぎ,2,animal,動物,,I know new rabbit.,私は「新しいうさぎ」を知っています。,easy,true
G2-397,new cheese,新しいチーズ,2,food,食べ物,,I know new cheese.,私は「新しいチーズ」を知っています。,easy,true
G2-398,old grandmother,古い祖母,2,family,家族,,I know old grandmother.,私は「古い祖母」を知っています。,easy,true
G2-399,new eraser,新しい消しゴム,2,school,学校,,I know new eraser.,私は「新しい消しゴム」を知っています。,easy,true
G2-400,yesterday class,昨日の授業,2,day_week,曜日,,I know yesterday class.,私は「昨日の授業」を知っています。,easy,true
G2-401,weekend is windy,週末は風が強い,2,weather,天気,,I know weekend is windy.,私は「週末は風が強い」を知っています。,easy,true
G2-402,new nose,新しい鼻,2,body,体,,I know new nose.,私は「新しい鼻」を知っています。,easy,true
G2-403,new bathroom,新しい浴室,2,house,家の中,,I know new bathroom.,私は「新しい浴室」を知っています。,easy,true
G2-404,station engineer,駅の技術者,2,job,職業,,I know station engineer.,私は「駅の技術者」を知っています。,easy,true
G2-405,sometimes tired,時々疲れた,2,feeling,気持ち,,I know sometimes tired.,私は「時々疲れた」を知っています。,easy,true
G2-406,new club,新しいクラブ,2,daily_life,日常生活,,I know new club.,私は「新しいクラブ」を知っています。,easy,true
G2-407,old peach,古いもも,2,fruit,果物,,I know old peach.,私は「古いもも」を知っています。,easy,true
G2-408,safe bike,安全な自転車,2,vehicle,乗り物,,I know safe bike.,私は「安全な自転車」を知っています。,easy,true
G2-409,bright yellow,鮮やかな黄色,2,color,色,,I know bright yellow.,私は「鮮やかな黄色」を知っています。,easy,true
G2-410,new horse,新しい馬,2,animal,動物,,I know new horse.,私は「新しい馬」を知っています。,easy,true
G2-411,new meat,新しい肉,2,food,食べ物,,I know new meat.,私は「新しい肉」を知っています。,easy,true
G2-412,old grandfather,古い祖父,2,family,家族,,I know old grandfather.,私は「古い祖父」を知っています。,easy,true
G2-413,new ruler,新しいものさし,2,school,学校,,I know new ruler.,私は「新しいものさし」を知っています。,easy,true
G2-414,morning morning,朝の朝,2,day_week,曜日,,I know morning morning.,私は「朝の朝」を知っています。,easy,true
G2-415,this week is windy,今週は風が強い,2,weather,天気,,I know this week is windy.,私は「今週は風が強い」を知っています。,easy,true
G2-416,new mouth,新しい口,2,body,体,,I know new mouth.,私は「新しい口」を知っています。,easy,true
G2-417,new door,新しいドア,2,house,家の中,,I know new door.,私は「新しいドア」を知っています。,easy,true
G2-418,zoo engineer,動物園の技術者,2,job,職業,,I know zoo engineer.,私は「動物園の技術者」を知っています。,easy,true
G2-419,today tired,今日は疲れた,2,feeling,気持ち,,I know today tired.,私は「今日は疲れた」を知っています。,easy,true
G2-420,new birthday,新しい誕生日,2,daily_life,日常生活,,I know new birthday.,私は「新しい誕生日」を知っています。,easy,true
G2-421,old pear,古いなし,2,fruit,果物,,I know old pear.,私は「古いなし」を知っています。,easy,true
G2-422,new bike,新しい自転車,2,vehicle,乗り物,,I know new bike.,私は「新しい自転車」を知っています。,easy,true
G2-423,clear yellow,はっきりした黄色,2,color,色,,I know clear yellow.,私は「はっきりした黄色」を知っています。,easy,true
G2-424,new cow,新しい牛,2,animal,動物,,I know new cow.,私は「新しい牛」を知っています。,easy,true
G2-425,new chicken,新しい鶏肉,2,food,食べ物,,I know new chicken.,私は「新しい鶏肉」を知っています。,easy,true
G2-426,old aunt,古いおば,2,family,家族,,I know old aunt.,私は「古いおば」を知っています。,easy,true
G2-427,new notebook,新しいノート,2,school,学校,,I know new notebook.,私は「新しいノート」を知っています。,easy,true
G2-428,morning afternoon,朝の午後,2,day_week,曜日,,I know morning afternoon.,私は「朝の午後」を知っています。,easy,true
G2-429,next week is windy,来週は風が強い,2,weather,天気,,I know next week is windy.,私は「来週は風が強い」を知っています。,easy,true
G2-430,new tooth,新しい歯,2,body,体,,I know new tooth.,私は「新しい歯」を知っています。,easy,true
G2-431,new window,新しい窓,2,house,家の中,,I know new window.,私は「新しい窓」を知っています。,easy,true
G2-432,museum engineer,博物館の技術者,2,job,職業,,I know museum engineer.,私は「博物館の技術者」を知っています。,easy,true
G2-433,now tired,今疲れた,2,feeling,気持ち,,I know now tired.,私は「今疲れた」を知っています。,easy,true
G2-434,new holiday,新しい休日,2,daily_life,日常生活,,I know new holiday.,私は「新しい休日」を知っています。,easy,true
G2-435,old lemon,古いレモン,2,fruit,果物,,I know old lemon.,私は「古いレモン」を知っています。,easy,true
G2-436,old bike,古い自転車,2,vehicle,乗り物,,I know old bike.,私は「古い自転車」を知っています。,easy,true
G2-437,warm yellow,暖かい黄色,2,color,色,,I know warm yellow.,私は「暖かい黄色」を知っています。,easy,true
G2-438,new pig,新しいぶた,2,animal,動物,,I know new pig.,私は「新しいぶた」を知っています。,easy,true
G2-439,new fish,新しい魚,2,food,食べ物,,I know new fish.,私は「新しい魚」を知っています。,easy,true
G2-440,old uncle,古いおじ,2,family,家族,,I know old uncle.,私は「古いおじ」を知っています。,easy,true
G2-441,new desk,新しい机,2,school,学校,,I know new desk.,私は「新しい机」を知っています。,easy,true
G2-442,morning evening,朝の夕方,2,day_week,曜日,,I know morning evening.,私は「朝の夕方」を知っています。,easy,true
G2-443,school day is windy,学校の日は風が強い,2,weather,天気,,I know school day is windy.,私は「学校の日は風が強い」を知っています。,easy,true
G2-444,new hand,新しい手,2,body,体,,I know new hand.,私は「新しい手」を知っています。,easy,true
G2-445,new floor,新しい床,2,house,家の中,,I know new floor.,私は「新しい床」を知っています。,easy,true
G2-446,restaurant engineer,レストランの技術者,2,job,職業,,I know restaurant engineer.,私は「レストランの技術者」を知っています。,easy,true
G2-447,after class tired,授業の後で疲れた,2,feeling,気持ち,,I know after class tired.,私は「授業の後で疲れた」を知っています。,easy,true
G2-448,new money,新しいお金,2,daily_life,日常生活,,I know new money.,私は「新しいお金」を知っています。,easy,true
G2-449,old cherry,古いさくらんぼ,2,fruit,果物,,I know old cherry.,私は「古いさくらんぼ」を知っています。,easy,true
G2-450,small bike,小型の自転車,2,vehicle,乗り物,,I know small bike.,私は「小型の自転車」を知っています。,easy,true
G2-451,cool yellow,涼しげな黄色,2,color,色,,I know cool yellow.,私は「涼しげな黄色」を知っています。,easy,true
G2-452,new sheep,新しい羊,2,animal,動物,,I know new sheep.,私は「新しい羊」を知っています。,easy,true
G2-453,new soup,新しいスープ,2,food,食べ物,,I know new soup.,私は「新しいスープ」を知っています。,easy,true
G2-454,old cousin,古いいとこ,2,family,家族,,I know old cousin.,私は「古いいとこ」を知っています。,easy,true
G2-455,new chair,新しいいす,2,school,学校,,I know new chair.,私は「新しいいす」を知っています。,easy,true
G2-456,morning night,朝の夜,2,day_week,曜日,,I know morning night.,私は「朝の夜」を知っています。,easy,true
G2-457,holiday is windy,休日は風が強い,2,weather,天気,,I know holiday is windy.,私は「休日は風が強い」を知っています。,easy,true
G2-458,new finger,新しい指,2,body,体,,I know new finger.,私は「新しい指」を知っています。,easy,true
G2-459,new wall,新しい壁,2,house,家の中,,I know new wall.,私は「新しい壁」を知っています。,easy,true
G2-460,farm engineer,農場の技術者,2,job,職業,,I know farm engineer.,私は「農場の技術者」を知っています。,easy,true
G2-461,before test tired,テスト前に疲れた,2,feeling,気持ち,,I know before test tired.,私は「テスト前に疲れた」を知っています。,easy,true
G2-462,new ticket,新しい切符,2,daily_life,日常生活,,I know new ticket.,私は「新しい切符」を知っています。,easy,true
G2-463,old strawberry,古いいちご,2,fruit,果物,,I know old strawberry.,私は「古いいちご」を知っています。,easy,true
G2-464,large bike,大型の自転車,2,vehicle,乗り物,,I know large bike.,私は「大型の自転車」を知っています。,easy,true
G2-465,favorite yellow,好きな黄色,2,color,色,,I know favorite yellow.,私は「好きな黄色」を知っています。,easy,true
G2-466,new goat,新しいやぎ,2,animal,動物,,I know new goat.,私は「新しいやぎ」を知っています。,easy,true
G2-467,new salad,新しいサラダ,2,food,食べ物,,I know new salad.,私は「新しいサラダ」を知っています。,easy,true
G2-468,old baby,古い赤ちゃん,2,family,家族,,I know old baby.,私は「古い赤ちゃん」を知っています。,easy,true
G2-469,new classroom,新しい教室,2,school,学校,,I know new classroom.,私は「新しい教室」を知っています。,easy,true
G2-470,morning class,朝の授業,2,day_week,曜日,,I know morning class.,私は「朝の授業」を知っています。,easy,true
G2-471,outside is windy,外は風が強い,2,weather,天気,,I know outside is windy.,私は「外は風が強い」を知っています。,easy,true
G2-472,new arm,新しい腕,2,body,体,,I know new arm.,私は「新しい腕」を知っています。,easy,true
G2-473,new roof,新しい屋根,2,house,家の中,,I know new roof.,私は「新しい屋根」を知っています。,easy,true
G2-474,library engineer,図書館の技術者,2,job,職業,,I know library engineer.,私は「図書館の技術者」を知っています。,easy,true
G2-475,with friends tired,友だちといて疲れた,2,feeling,気持ち,,I know with friends tired.,私は「友だちといて疲れた」を知っています。,easy,true
G2-476,new phone,新しい電話,2,daily_life,日常生活,,I know new phone.,私は「新しい電話」を知っています。,easy,true
G2-477,old pineapple,古いパイナップル,2,fruit,果物,,I know old pineapple.,私は「古いパイナップル」を知っています。,easy,true
G2-478,long bike,長い自転車,2,vehicle,乗り物,,I know long bike.,私は「長い自転車」を知っています。,easy,true
G2-479,school yellow,学校で使う黄色,2,color,色,,I know school yellow.,私は「学校で使う黄色」を知っています。,easy,true
G2-480,new lion,新しいライオン,2,animal,動物,,I know new lion.,私は「新しいライオン」を知っています。,easy,true
G2-481,new cake,新しいケーキ,2,food,食べ物,,I know new cake.,私は「新しいケーキ」を知っています。,easy,true
G2-482,old parent,古い親,2,family,家族,,I know old parent.,私は「古い親」を知っています。,easy,true
G2-483,new teacher,新しい先生,2,school,学校,,I know new teacher.,私は「新しい先生」を知っています。,easy,true
G2-484,afternoon morning,午後の朝,2,day_week,曜日,,I know afternoon morning.,私は「午後の朝」を知っています。,easy,true
G2-485,spring windy,春の風が強い,2,weather,天気,,I know spring windy.,私は「春の風が強い」を知っています。,easy,true
G2-486,new leg,新しい脚,2,body,体,,I know new leg.,私は「新しい脚」を知っています。,easy,true
G2-487,new bed,新しいベッド,2,house,家の中,,I know new bed.,私は「新しいベッド」を知っています。,easy,true
G2-488,kind engineer,親切な技術者,2,job,職業,,I know kind engineer.,私は「親切な技術者」を知っています。,easy,true
G2-489,at school tired,学校で疲れた,2,feeling,気持ち,,I know at school tired.,私は「学校で疲れた」を知っています。,easy,true
G2-490,new photo,新しい写真,2,daily_life,日常生活,,I know new photo.,私は「新しい写真」を知っています。,easy,true
G2-491,old kiwi,古いキウイ,2,fruit,果物,,I know old kiwi.,私は「古いキウイ」を知っています。,easy,true
G2-492,short bike,短い自転車,2,vehicle,乗り物,,I know short bike.,私は「短い自転車」を知っています。,easy,true
G2-493,basic yellow,基本の黄色,2,color,色,,I know basic yellow.,私は「基本の黄色」を知っています。,easy,true
G2-494,new tiger,新しいトラ,2,animal,動物,,I know new tiger.,私は「新しいトラ」を知っています。,easy,true
G2-495,new cookie,新しいクッキー,2,food,食べ物,,I know new cookie.,私は「新しいクッキー」を知っています。,easy,true
G2-496,old child,古い子ども,2,family,家族,,I know old child.,私は「古い子ども」を知っています。,easy,true
G2-497,new student,新しい生徒,2,school,学校,,I know new student.,私は「新しい生徒」を知っています。,easy,true
G2-498,afternoon afternoon,午後の午後,2,day_week,曜日,,I know afternoon afternoon.,私は「午後の午後」を知っています。,easy,true
G2-499,summer windy,夏の風が強い,2,weather,天気,,I know summer windy.,私は「夏の風が強い」を知っています。,easy,true
G2-500,new foot,新しい足,2,body,体,,I know new foot.,私は「新しい足」を知っています。,easy,true
G3-001,old mango,古いマンゴー,3,fruit,果物,,I know old mango.,私は「古いマンゴー」を知っています。,normal,true
G3-002,passenger bike,乗客用の自転車,3,vehicle,乗り物,,I know passenger bike.,私は「乗客用の自転車」を知っています。,normal,true
G3-003,pretty yellow,きれいな黄色,3,color,色,,I know pretty yellow.,私は「きれいな黄色」を知っています。,normal,true
G3-004,new bear,新しいくま,3,animal,動物,,I know new bear.,私は「新しいくま」を知っています。,normal,true
G3-005,new pizza,新しいピザ,3,food,食べ物,,I know new pizza.,私は「新しいピザ」を知っています。,normal,true
G3-006,old family,古い家族,3,family,家族,,I know old family.,私は「古い家族」を知っています。,normal,true
G3-007,new homework,新しい宿題,3,school,学校,,I know new homework.,私は「新しい宿題」を知っています。,normal,true
G3-008,afternoon evening,午後の夕方,3,day_week,曜日,,I know afternoon evening.,私は「午後の夕方」を知っています。,normal,true
G3-009,fall windy,秋の風が強い,3,weather,天気,,I know fall windy.,私は「秋の風が強い」を知っています。,normal,true
G3-010,new shoulder,新しい肩,3,body,体,,I know new shoulder.,私は「新しい肩」を知っています。,normal,true
G3-011,new sofa,新しいソファ,3,house,家の中,,I know new sofa.,私は「新しいソファ」を知っています。,normal,true
G3-012,new engineer,新しい技術者,3,job,職業,,I know new engineer.,私は「新しい技術者」を知っています。,normal,true
G3-013,on Monday tired,月曜日に疲れた,3,feeling,気持ち,,I know on Monday tired.,私は「月曜日に疲れた」を知っています。,normal,true
G3-014,new bag,新しいかばん,3,daily_life,日常生活,,I know new bag.,私は「新しいかばん」を知っています。,normal,true
G3-015,old plum,古いすもも,3,fruit,果物,,I know old plum.,私は「古いすもも」を知っています。,normal,true
G3-016,cargo bike,荷物用の自転車,3,vehicle,乗り物,,I know cargo bike.,私は「荷物用の自転車」を知っています。,normal,true
G3-017,simple yellow,かんたんな黄色,3,color,色,,I know simple yellow.,私は「かんたんな黄色」を知っています。,normal,true
G3-018,new monkey,新しいさる,3,animal,動物,,I know new monkey.,私は「新しいさる」を知っています。,normal,true
G3-019,new noodle,新しいめん,3,food,食べ物,,I know new noodle.,私は「新しいめん」を知っています。,normal,true
G3-020,old daughter,古い娘,3,family,家族,,I know old daughter.,私は「古い娘」を知っています。,normal,true
G3-021,new question,新しい質問,3,school,学校,,I know new question.,私は「新しい質問」を知っています。,normal,true
G3-022,afternoon night,午後の夜,3,day_week,曜日,,I know afternoon night.,私は「午後の夜」を知っています。,normal,true
G3-023,winter windy,冬の風が強い,3,weather,天気,,I know winter windy.,私は「冬の風が強い」を知っています。,normal,true
G3-024,new knee,新しいひざ,3,body,体,,I know new knee.,私は「新しいひざ」を知っています。,normal,true
G3-025,new lamp,新しいランプ,3,house,家の中,,I know new lamp.,私は「新しいランプ」を知っています。,normal,true
G3-026,famous engineer,有名な技術者,3,job,職業,,I know famous engineer.,私は「有名な技術者」を知っています。,normal,true
G3-027,in the morning tired,朝に疲れた,3,feeling,気持ち,,I know in the morning tired.,私は「朝に疲れた」を知っています。,normal,true
G3-028,new umbrella,新しい傘,3,daily_life,日常生活,,I know new umbrella.,私は「新しい傘」を知っています。,normal,true
G3-029,old fig,古いいちじく,3,fruit,果物,,I know old fig.,私は「古いいちじく」を知っています。,normal,true
G3-030,rescue bike,救助用の自転車,3,vehicle,乗り物,,I know rescue bike.,私は「救助用の自転車」を知っています。,normal,true
G3-031,new yellow,新しい黄色,3,color,色,,I know new yellow.,私は「新しい黄色」を知っています。,normal,true
G3-032,new panda,新しいパンダ,3,animal,動物,,I know new panda.,私は「新しいパンダ」を知っています。,normal,true
G3-033,new sandwich,新しいサンドイッチ,3,food,食べ物,,I know new sandwich.,私は「新しいサンドイッチ」を知っています。,normal,true
G3-034,old son,古い息子,3,family,家族,,I know old son.,私は「古い息子」を知っています。,normal,true
G3-035,new lesson,新しい授業,3,school,学校,,I know new lesson.,私は「新しい授業」を知っています。,normal,true
G3-036,afternoon class,午後の授業,3,day_week,曜日,,I know afternoon class.,私は「午後の授業」を知っています。,normal,true
G3-037,evening is windy,夕方は風が強い,3,weather,天気,,I know evening is windy.,私は「夕方は風が強い」を知っています。,normal,true
G3-038,new heart,新しい心臓,3,body,体,,I know new heart.,私は「新しい心臓」を知っています。,normal,true
G3-039,new clock,新しい時計,3,house,家の中,,I know new clock.,私は「新しい時計」を知っています。,normal,true
G3-040,young engineer,若い技術者,3,job,職業,,I know young engineer.,私は「若い技術者」を知っています。,normal,true
G3-041,at night tired,夜に疲れた,3,feeling,気持ち,,I know at night tired.,私は「夜に疲れた」を知っています。,normal,true
G3-042,new key,新しい鍵,3,daily_life,日常生活,,I know new key.,私は「新しい鍵」を知っています。,normal,true
G3-043,long apple,長いりんご,3,fruit,果物,,I know long apple.,私は「長いりんご」を知っています。,normal,true
G3-044,toy ship,おもちゃの船,3,vehicle,乗り物,,I know toy ship.,私は「おもちゃの船」を知っています。,normal,true
G3-045,light black,明るい黒,3,color,色,,I know light black.,私は「明るい黒」を知っています。,normal,true
G3-046,new elephant,新しいぞう,3,animal,動物,,I know new elephant.,私は「新しいぞう」を知っています。,normal,true
G3-047,new curry,新しいカレー,3,food,食べ物,,I know new curry.,私は「新しいカレー」を知っています。,normal,true
G3-048,long mother,長い母,3,family,家族,,I know long mother.,私は「長い母」を知っています。,normal,true
G3-049,new test,新しいテスト,3,school,学校,,I know new test.,私は「新しいテスト」を知っています。,normal,true
G3-050,evening morning,夕方の朝,3,day_week,曜日,,I know evening morning.,私は「夕方の朝」を知っています。,normal,true
G3-051,today is snowy,今日は雪,3,weather,天気,,I know today is snowy.,私は「今日は雪」を知っています。,normal,true
G3-052,new hair,新しい髪,3,body,体,,I know new hair.,私は「新しい髪」を知っています。,normal,true
G3-053,new garden,新しい庭,3,house,家の中,,I know new garden.,私は「新しい庭」を知っています。,normal,true
G3-054,school nurse,学校の看護師,3,job,職業,,I know school nurse.,私は「学校の看護師」を知っています。,normal,true
G3-055,very sleepy,とても眠い,3,feeling,気持ち,,I know very sleepy.,私は「とても眠い」を知っています。,normal,true
G3-056,new future,新しい未来,3,daily_life,日常生活,,I know new future.,私は「新しい未来」を知っています。,normal,true
G3-057,long banana,長いバナナ,3,fruit,果物,,I know long banana.,私は「長いバナナ」を知っています。,normal,true
G3-058,model ship,模型の船,3,vehicle,乗り物,,I know model ship.,私は「模型の船」を知っています。,normal,true
G3-059,dark black,濃い黒,3,color,色,,I know dark black.,私は「濃い黒」を知っています。,normal,true
G3-060,new giraffe,新しいキリン,3,animal,動物,,I know new giraffe.,私は「新しいキリン」を知っています。,normal,true
G3-061,new tea,新しいお茶,3,food,食べ物,,I know new tea.,私は「新しいお茶」を知っています。,normal,true
G3-062,long father,長い父,3,family,家族,,I know long father.,私は「長い父」を知っています。,normal,true
G3-063,new map,新しい地図,3,school,学校,,I know new map.,私は「新しい地図」を知っています。,normal,true
G3-064,evening afternoon,夕方の午後,3,day_week,曜日,,I know evening afternoon.,私は「夕方の午後」を知っています。,normal,true
G3-065,tomorrow is snowy,明日は雪,3,weather,天気,,I know tomorrow is snowy.,私は「明日は雪」を知っています。,normal,true
G3-066,new neck,新しい首,3,body,体,,I know new neck.,私は「新しい首」を知っています。,normal,true
G3-067,new stairs,新しい階段,3,house,家の中,,I know new stairs.,私は「新しい階段」を知っています。,normal,true
G3-068,hospital nurse,病院の看護師,3,job,職業,,I know hospital nurse.,私は「病院の看護師」を知っています。,normal,true
G3-069,a little sleepy,少し眠い,3,feeling,気持ち,,I know a little sleepy.,私は「少し眠い」を知っています。,normal,true
G3-070,new dream,新しい夢,3,daily_life,日常生活,,I know new dream.,私は「新しい夢」を知っています。,normal,true
G3-071,long orange,長いオレンジ,3,fruit,果物,,I know long orange.,私は「長いオレンジ」を知っています。,normal,true
G3-072,electric ship,電動の船,3,vehicle,乗り物,,I know electric ship.,私は「電動の船」を知っています。,normal,true
G3-073,deep black,深い黒,3,color,色,,I know deep black.,私は「深い黒」を知っています。,normal,true
G3-074,new zebra,新しいシマウマ,3,animal,動物,,I know new zebra.,私は「新しいシマウマ」を知っています。,normal,true
G3-075,new water,新しい水,3,food,食べ物,,I know new water.,私は「新しい水」を知っています。,normal,true
G3-076,long sister,長い姉妹,3,family,家族,,I know long sister.,私は「長い姉妹」を知っています。,normal,true
G3-077,new globe,新しい地球儀,3,school,学校,,I know new globe.,私は「新しい地球儀」を知っています。,normal,true
G3-078,evening evening,夕方の夕方,3,day_week,曜日,,I know evening evening.,私は「夕方の夕方」を知っています。,normal,true
G3-079,morning is snowy,朝は雪,3,weather,天気,,I know morning is snowy.,私は「朝は雪」を知っています。,normal,true
G3-080,new back,新しい背中,3,body,体,,I know new back.,私は「新しい背中」を知っています。,normal,true
G3-081,new mirror,新しい鏡,3,house,家の中,,I know new mirror.,私は「新しい鏡」を知っています。,normal,true
G3-082,town nurse,町の看護師,3,job,職業,,I know town nurse.,私は「町の看護師」を知っています。,normal,true
G3-083,still sleepy,まだ眠い,3,feeling,気持ち,,I know still sleepy.,私は「まだ眠い」を知っています。,normal,true
G3-084,new plan,新しい計画,3,daily_life,日常生活,,I know new plan.,私は「新しい計画」を知っています。,normal,true
G3-085,long grape,長いぶどう,3,fruit,果物,,I know long grape.,私は「長いぶどう」を知っています。,normal,true
G3-086,fast ship,速い船,3,vehicle,乗り物,,I know fast ship.,私は「速い船」を知っています。,normal,true
G3-087,pale black,淡い黒,3,color,色,,I know pale black.,私は「淡い黒」を知っています。,normal,true
G3-088,new kangaroo,新しいカンガルー,3,animal,動物,,I know new kangaroo.,私は「新しいカンガルー」を知っています。,normal,true
G3-089,new juice,新しいジュース,3,food,食べ物,,I know new juice.,私は「新しいジュース」を知っています。,normal,true
G3-090,long brother,長い兄弟,3,family,家族,,I know long brother.,私は「長い兄弟」を知っています。,normal,true
G3-091,new library,新しい図書館,3,school,学校,,I know new library.,私は「新しい図書館」を知っています。,normal,true
G3-092,evening night,夕方の夜,3,day_week,曜日,,I know evening night.,私は「夕方の夜」を知っています。,normal,true
G3-093,afternoon is snowy,午後は雪,3,weather,天気,,I know afternoon is snowy.,私は「午後は雪」を知っています。,normal,true
G3-094,new stomach,新しいおなか,3,body,体,,I know new stomach.,私は「新しいおなか」を知っています。,normal,true
G3-095,new shelf,新しい棚,3,house,家の中,,I know new shelf.,私は「新しい棚」を知っています。,normal,true
G3-096,airport nurse,空港の看護師,3,job,職業,,I know airport nurse.,私は「空港の看護師」を知っています。,normal,true
G3-097,really sleepy,本当に眠い,3,feeling,気持ち,,I know really sleepy.,私は「本当に眠い」を知っています。,normal,true
G3-098,new rule,新しいルール,3,daily_life,日常生活,,I know new rule.,私は「新しいルール」を知っています。,normal,true
G3-099,long melon,長いメロン,3,fruit,果物,,I know long melon.,私は「長いメロン」を知っています。,normal,true
G3-100,slow ship,ゆっくりの船,3,vehicle,乗り物,,I know slow ship.,私は「ゆっくりの船」を知っています。,normal,true
G3-101,soft black,やわらかい黒,3,color,色,,I know soft black.,私は「やわらかい黒」を知っています。,normal,true
G3-102,new koala,新しいコアラ,3,animal,動物,,I know new koala.,私は「新しいコアラ」を知っています。,normal,true
G3-103,new yogurt,新しいヨーグルト,3,food,食べ物,,I know new yogurt.,私は「新しいヨーグルト」を知っています。,normal,true
G3-104,long grandmother,長い祖母,3,family,家族,,I know long grandmother.,私は「長い祖母」を知っています。,normal,true
G3-105,new marker,新しいマーカー,3,school,学校,,I know new marker.,私は「新しいマーカー」を知っています。,normal,true
G3-106,evening class,夕方の授業,3,day_week,曜日,,I know evening class.,私は「夕方の授業」を知っています。,normal,true
G3-107,weekend is snowy,週末は雪,3,weather,天気,,I know weekend is snowy.,私は「週末は雪」を知っています。,normal,true
G3-108,new voice,新しい声,3,body,体,,I know new voice.,私は「新しい声」を知っています。,normal,true
G3-109,new closet,新しいクローゼット,3,house,家の中,,I know new closet.,私は「新しいクローゼット」を知っています。,normal,true
G3-110,station nurse,駅の看護師,3,job,職業,,I know station nurse.,私は「駅の看護師」を知っています。,normal,true
G3-111,sometimes sleepy,時々眠い,3,feeling,気持ち,,I know sometimes sleepy.,私は「時々眠い」を知っています。,normal,true
G3-112,new team,新しいチーム,3,daily_life,日常生活,,I know new team.,私は「新しいチーム」を知っています。,normal,true
G3-113,long peach,長いもも,3,fruit,果物,,I know long peach.,私は「長いもも」を知っています。,normal,true
G3-114,safe ship,安全な船,3,vehicle,乗り物,,I know safe ship.,私は「安全な船」を知っています。,normal,true
G3-115,bright black,鮮やかな黒,3,color,色,,I know bright black.,私は「鮮やかな黒」を知っています。,normal,true
G3-116,old dog,古い犬,3,animal,動物,,I know old dog.,私は「古い犬」を知っています。,normal,true
G3-117,old rice,古いごはん,3,food,食べ物,,I know old rice.,私は「古いごはん」を知っています。,normal,true
G3-118,long grandfather,長い祖父,3,family,家族,,I know long grandfather.,私は「長い祖父」を知っています。,normal,true
G3-119,old school,古い学校,3,school,学校,,I know old school.,私は「古い学校」を知っています。,normal,true
G3-120,night morning,夜の朝,3,day_week,曜日,,I know night morning.,私は「夜の朝」を知っています。,normal,true
G3-121,this week is snowy,今週は雪,3,weather,天気,,I know this week is snowy.,私は「今週は雪」を知っています。,normal,true
G3-122,old head,古い頭,3,body,体,,I know old head.,私は「古い頭」を知っています。,normal,true
G3-123,old house,古い家,3,house,家の中,,I know old house.,私は「古い家」を知っています。,normal,true
G3-124,zoo nurse,動物園の看護師,3,job,職業,,I know zoo nurse.,私は「動物園の看護師」を知っています。,normal,true
G3-125,today sleepy,今日は眠い,3,feeling,気持ち,,I know today sleepy.,私は「今日は眠い」を知っています。,normal,true
G3-126,old friend,古い友だち,3,daily_life,日常生活,,I know old friend.,私は「古い友だち」を知っています。,normal,true
G3-127,long pear,長いなし,3,fruit,果物,,I know long pear.,私は「長いなし」を知っています。,normal,true
G3-128,new ship,新しい船,3,vehicle,乗り物,,I know new ship.,私は「新しい船」を知っています。,normal,true
G3-129,clear black,はっきりした黒,3,color,色,,I know clear black.,私は「はっきりした黒」を知っています。,normal,true
G3-130,old cat,古いねこ,3,animal,動物,,I know old cat.,私は「古いねこ」を知っています。,normal,true
G3-131,old bread,古いパン,3,food,食べ物,,I know old bread.,私は「古いパン」を知っています。,normal,true
G3-132,long aunt,長いおば,3,family,家族,,I know long aunt.,私は「長いおば」を知っています。,normal,true
G3-133,old book,古い本,3,school,学校,,I know old book.,私は「古い本」を知っています。,normal,true
G3-134,night afternoon,夜の午後,3,day_week,曜日,,I know night afternoon.,私は「夜の午後」を知っています。,normal,true
G3-135,next week is snowy,来週は雪,3,weather,天気,,I know next week is snowy.,私は「来週は雪」を知っています。,normal,true
G3-136,old face,古い顔,3,body,体,,I know old face.,私は「古い顔」を知っています。,normal,true
G3-137,old room,古い部屋,3,house,家の中,,I know old room.,私は「古い部屋」を知っています。,normal,true
G3-138,museum nurse,博物館の看護師,3,job,職業,,I know museum nurse.,私は「博物館の看護師」を知っています。,normal,true
G3-139,now sleepy,今眠い,3,feeling,気持ち,,I know now sleepy.,私は「今眠い」を知っています。,normal,true
G3-140,old game,古いゲーム,3,daily_life,日常生活,,I know old game.,私は「古いゲーム」を知っています。,normal,true
G3-141,long lemon,長いレモン,3,fruit,果物,,I know long lemon.,私は「長いレモン」を知っています。,normal,true
G3-142,old ship,古い船,3,vehicle,乗り物,,I know old ship.,私は「古い船」を知っています。,normal,true
G3-143,warm black,暖かい黒,3,color,色,,I know warm black.,私は「暖かい黒」を知っています。,normal,true
G3-144,old bird,古い鳥,3,animal,動物,,I know old bird.,私は「古い鳥」を知っています。,normal,true
G3-145,old milk,古い牛乳,3,food,食べ物,,I know old milk.,私は「古い牛乳」を知っています。,normal,true
G3-146,long uncle,長いおじ,3,family,家族,,I know long uncle.,私は「長いおじ」を知っています。,normal,true
G3-147,old pencil,古い鉛筆,3,school,学校,,I know old pencil.,私は「古い鉛筆」を知っています。,normal,true
G3-148,night evening,夜の夕方,3,day_week,曜日,,I know night evening.,私は「夜の夕方」を知っています。,normal,true
G3-149,school day is snowy,学校の日は雪,3,weather,天気,,I know school day is snowy.,私は「学校の日は雪」を知っています。,normal,true
G3-150,old eye,古い目,3,body,体,,I know old eye.,私は「古い目」を知っています。,normal,true
G3-151,old kitchen,古い台所,3,house,家の中,,I know old kitchen.,私は「古い台所」を知っています。,normal,true
G3-152,restaurant nurse,レストランの看護師,3,job,職業,,I know restaurant nurse.,私は「レストランの看護師」を知っています。,normal,true
G3-153,after class sleepy,授業の後で眠い,3,feeling,気持ち,,I know after class sleepy.,私は「授業の後で眠い」を知っています。,normal,true
G3-154,old music,古い音楽,3,daily_life,日常生活,,I know old music.,私は「古い音楽」を知っています。,normal,true
G3-155,long cherry,長いさくらんぼ,3,fruit,果物,,I know long cherry.,私は「長いさくらんぼ」を知っています。,normal,true
G3-156,small ship,小型の船,3,vehicle,乗り物,,I know small ship.,私は「小型の船」を知っています。,normal,true
G3-157,cool black,涼しげな黒,3,color,色,,I know cool black.,私は「涼しげな黒」を知っています。,normal,true
G3-158,old fish,古い魚,3,animal,動物,,I know old fish.,私は「古い魚」を知っています。,normal,true
G3-159,old egg,古い卵,3,food,食べ物,,I know old egg.,私は「古い卵」を知っています。,normal,true
G3-160,long cousin,長いいとこ,3,family,家族,,I know long cousin.,私は「長いいとこ」を知っています。,normal,true
G3-161,old pen,古いペン,3,school,学校,,I know old pen.,私は「古いペン」を知っています。,normal,true
G3-162,night night,夜の夜,3,day_week,曜日,,I know night night.,私は「夜の夜」を知っています。,normal,true
G3-163,holiday is snowy,休日は雪,3,weather,天気,,I know holiday is snowy.,私は「休日は雪」を知っています。,normal,true
G3-164,old ear,古い耳,3,body,体,,I know old ear.,私は「古い耳」を知っています。,normal,true
G3-165,old bedroom,古い寝室,3,house,家の中,,I know old bedroom.,私は「古い寝室」を知っています。,normal,true
G3-166,farm nurse,農場の看護師,3,job,職業,,I know farm nurse.,私は「農場の看護師」を知っています。,normal,true
G3-167,before test sleepy,テスト前に眠い,3,feeling,気持ち,,I know before test sleepy.,私は「テスト前に眠い」を知っています。,normal,true
G3-168,old sport,古いスポーツ,3,daily_life,日常生活,,I know old sport.,私は「古いスポーツ」を知っています。,normal,true
G3-169,long strawberry,長いいちご,3,fruit,果物,,I know long strawberry.,私は「長いいちご」を知っています。,normal,true
G3-170,large ship,大型の船,3,vehicle,乗り物,,I know large ship.,私は「大型の船」を知っています。,normal,true
G3-171,favorite black,好きな黒,3,color,色,,I know favorite black.,私は「好きな黒」を知っています。,normal,true
G3-172,old rabbit,古いうさぎ,3,animal,動物,,I know old rabbit.,私は「古いうさぎ」を知っています。,normal,true
G3-173,old cheese,古いチーズ,3,food,食べ物,,I know old cheese.,私は「古いチーズ」を知っています。,normal,true
G3-174,long baby,長い赤ちゃん,3,family,家族,,I know long baby.,私は「長い赤ちゃん」を知っています。,normal,true
G3-175,old eraser,古い消しゴム,3,school,学校,,I know old eraser.,私は「古い消しゴム」を知っています。,normal,true
G3-176,night class,夜の授業,3,day_week,曜日,,I know night class.,私は「夜の授業」を知っています。,normal,true
G3-177,outside is snowy,外は雪,3,weather,天気,,I know outside is snowy.,私は「外は雪」を知っています。,normal,true
G3-178,old nose,古い鼻,3,body,体,,I know old nose.,私は「古い鼻」を知っています。,normal,true
G3-179,old bathroom,古い浴室,3,house,家の中,,I know old bathroom.,私は「古い浴室」を知っています。,normal,true
G3-180,library nurse,図書館の看護師,3,job,職業,,I know library nurse.,私は「図書館の看護師」を知っています。,normal,true
G3-181,with friends sleepy,友だちといて眠い,3,feeling,気持ち,,I know with friends sleepy.,私は「友だちといて眠い」を知っています。,normal,true
G3-182,old club,古いクラブ,3,daily_life,日常生活,,I know old club.,私は「古いクラブ」を知っています。,normal,true
G3-183,long pineapple,長いパイナップル,3,fruit,果物,,I know long pineapple.,私は「長いパイナップル」を知っています。,normal,true
G3-184,long ship,長い船,3,vehicle,乗り物,,I know long ship.,私は「長い船」を知っています。,normal,true
G3-185,school black,学校で使う黒,3,color,色,,I know school black.,私は「学校で使う黒」を知っています。,normal,true
G3-186,old horse,古い馬,3,animal,動物,,I know old horse.,私は「古い馬」を知っています。,normal,true
G3-187,old meat,古い肉,3,food,食べ物,,I know old meat.,私は「古い肉」を知っています。,normal,true
G3-188,long parent,長い親,3,family,家族,,I know long parent.,私は「長い親」を知っています。,normal,true
G3-189,old ruler,古いものさし,3,school,学校,,I know old ruler.,私は「古いものさし」を知っています。,normal,true
G3-190,week morning,週の朝,3,day_week,曜日,,I know week morning.,私は「週の朝」を知っています。,normal,true
G3-191,spring snowy,春の雪,3,weather,天気,,I know spring snowy.,私は「春の雪」を知っています。,normal,true
G3-192,old mouth,古い口,3,body,体,,I know old mouth.,私は「古い口」を知っています。,normal,true
G3-193,old door,古いドア,3,house,家の中,,I know old door.,私は「古いドア」を知っています。,normal,true
G3-194,kind nurse,親切な看護師,3,job,職業,,I know kind nurse.,私は「親切な看護師」を知っています。,normal,true
G3-195,at school sleepy,学校で眠い,3,feeling,気持ち,,I know at school sleepy.,私は「学校で眠い」を知っています。,normal,true
G3-196,old birthday,古い誕生日,3,daily_life,日常生活,,I know old birthday.,私は「古い誕生日」を知っています。,normal,true
G3-197,long kiwi,長いキウイ,3,fruit,果物,,I know long kiwi.,私は「長いキウイ」を知っています。,normal,true
G3-198,short ship,短い船,3,vehicle,乗り物,,I know short ship.,私は「短い船」を知っています。,normal,true
G3-199,basic black,基本の黒,3,color,色,,I know basic black.,私は「基本の黒」を知っています。,normal,true
G3-200,old cow,古い牛,3,animal,動物,,I know old cow.,私は「古い牛」を知っています。,normal,true
G3-201,old chicken,古い鶏肉,3,food,食べ物,,I know old chicken.,私は「古い鶏肉」を知っています。,normal,true
G3-202,long child,長い子ども,3,family,家族,,I know long child.,私は「長い子ども」を知っています。,normal,true
G3-203,old notebook,古いノート,3,school,学校,,I know old notebook.,私は「古いノート」を知っています。,normal,true
G3-204,week afternoon,週の午後,3,day_week,曜日,,I know week afternoon.,私は「週の午後」を知っています。,normal,true
G3-205,summer snowy,夏の雪,3,weather,天気,,I know summer snowy.,私は「夏の雪」を知っています。,normal,true
G3-206,old tooth,古い歯,3,body,体,,I know old tooth.,私は「古い歯」を知っています。,normal,true
G3-207,old window,古い窓,3,house,家の中,,I know old window.,私は「古い窓」を知っています。,normal,true
G3-208,busy nurse,忙しい看護師,3,job,職業,,I know busy nurse.,私は「忙しい看護師」を知っています。,normal,true
G3-209,at home sleepy,家で眠い,3,feeling,気持ち,,I know at home sleepy.,私は「家で眠い」を知っています。,normal,true
G3-210,old holiday,古い休日,3,daily_life,日常生活,,I know old holiday.,私は「古い休日」を知っています。,normal,true
G3-211,long mango,長いマンゴー,3,fruit,果物,,I know long mango.,私は「長いマンゴー」を知っています。,normal,true
G3-212,passenger ship,乗客用の船,3,vehicle,乗り物,,I know passenger ship.,私は「乗客用の船」を知っています。,normal,true
G3-213,pretty black,きれいな黒,3,color,色,,I know pretty black.,私は「きれいな黒」を知っています。,normal,true
G3-214,old pig,古いぶた,3,animal,動物,,I know old pig.,私は「古いぶた」を知っています。,normal,true
G3-215,old fish,古い魚,3,food,食べ物,,I know old fish.,私は「古い魚」を知っています。,normal,true
G3-216,long family,長い家族,3,family,家族,,I know long family.,私は「長い家族」を知っています。,normal,true
G3-217,old desk,古い机,3,school,学校,,I know old desk.,私は「古い机」を知っています。,normal,true
G3-218,week evening,週の夕方,3,day_week,曜日,,I know week evening.,私は「週の夕方」を知っています。,normal,true
G3-219,fall snowy,秋の雪,3,weather,天気,,I know fall snowy.,私は「秋の雪」を知っています。,normal,true
G3-220,old hand,古い手,3,body,体,,I know old hand.,私は「古い手」を知っています。,normal,true
G3-221,old floor,古い床,3,house,家の中,,I know old floor.,私は「古い床」を知っています。,normal,true
G3-222,new nurse,新しい看護師,3,job,職業,,I know new nurse.,私は「新しい看護師」を知っています。,normal,true
G3-223,on Monday sleepy,月曜日に眠い,3,feeling,気持ち,,I know on Monday sleepy.,私は「月曜日に眠い」を知っています。,normal,true
G3-224,old money,古いお金,3,daily_life,日常生活,,I know old money.,私は「古いお金」を知っています。,normal,true
G3-225,long plum,長いすもも,3,fruit,果物,,I know long plum.,私は「長いすもも」を知っています。,normal,true
G3-226,cargo ship,荷物用の船,3,vehicle,乗り物,,I know cargo ship.,私は「荷物用の船」を知っています。,normal,true
G3-227,simple black,かんたんな黒,3,color,色,,I know simple black.,私は「かんたんな黒」を知っています。,normal,true
G3-228,old sheep,古い羊,3,animal,動物,,I know old sheep.,私は「古い羊」を知っています。,normal,true
G3-229,old soup,古いスープ,3,food,食べ物,,I know old soup.,私は「古いスープ」を知っています。,normal,true
G3-230,long daughter,長い娘,3,family,家族,,I know long daughter.,私は「長い娘」を知っています。,normal,true
G3-231,old chair,古いいす,3,school,学校,,I know old chair.,私は「古いいす」を知っています。,normal,true
G3-232,week night,週の夜,3,day_week,曜日,,I know week night.,私は「週の夜」を知っています。,normal,true
G3-233,winter snowy,冬の雪,3,weather,天気,,I know winter snowy.,私は「冬の雪」を知っています。,normal,true
G3-234,old finger,古い指,3,body,体,,I know old finger.,私は「古い指」を知っています。,normal,true
G3-235,old wall,古い壁,3,house,家の中,,I know old wall.,私は「古い壁」を知っています。,normal,true
G3-236,famous nurse,有名な看護師,3,job,職業,,I know famous nurse.,私は「有名な看護師」を知っています。,normal,true
G3-237,in the morning sleepy,朝に眠い,3,feeling,気持ち,,I know in the morning sleepy.,私は「朝に眠い」を知っています。,normal,true
G3-238,old ticket,古い切符,3,daily_life,日常生活,,I know old ticket.,私は「古い切符」を知っています。,normal,true
G3-239,long fig,長いいちじく,3,fruit,果物,,I know long fig.,私は「長いいちじく」を知っています。,normal,true
G3-240,rescue ship,救助用の船,3,vehicle,乗り物,,I know rescue ship.,私は「救助用の船」を知っています。,normal,true
G3-241,new black,新しい黒,3,color,色,,I know new black.,私は「新しい黒」を知っています。,normal,true
G3-242,old goat,古いやぎ,3,animal,動物,,I know old goat.,私は「古いやぎ」を知っています。,normal,true
G3-243,old salad,古いサラダ,3,food,食べ物,,I know old salad.,私は「古いサラダ」を知っています。,normal,true
G3-244,long son,長い息子,3,family,家族,,I know long son.,私は「長い息子」を知っています。,normal,true
G3-245,old classroom,古い教室,3,school,学校,,I know old classroom.,私は「古い教室」を知っています。,normal,true
G3-246,week class,週の授業,3,day_week,曜日,,I know week class.,私は「週の授業」を知っています。,normal,true
G3-247,evening is snowy,夕方は雪,3,weather,天気,,I know evening is snowy.,私は「夕方は雪」を知っています。,normal,true
G3-248,old arm,古い腕,3,body,体,,I know old arm.,私は「古い腕」を知っています。,normal,true
G3-249,old roof,古い屋根,3,house,家の中,,I know old roof.,私は「古い屋根」を知っています。,normal,true
G3-250,young nurse,若い看護師,3,job,職業,,I know young nurse.,私は「若い看護師」を知っています。,normal,true
G3-251,at night sleepy,夜に眠い,3,feeling,気持ち,,I know at night sleepy.,私は「夜に眠い」を知っています。,normal,true
G3-252,old phone,古い電話,3,daily_life,日常生活,,I know old phone.,私は「古い電話」を知っています。,normal,true
G3-253,short apple,短いりんご,3,fruit,果物,,I know short apple.,私は「短いりんご」を知っています。,normal,true
G3-254,toy plane,おもちゃの飛行機,3,vehicle,乗り物,,I know toy plane.,私は「おもちゃの飛行機」を知っています。,normal,true
G3-255,light white,明るい白,3,color,色,,I know light white.,私は「明るい白」を知っています。,normal,true
G3-256,old lion,古いライオン,3,animal,動物,,I know old lion.,私は「古いライオン」を知っています。,normal,true
G3-257,old cake,古いケーキ,3,food,食べ物,,I know old cake.,私は「古いケーキ」を知っています。,normal,true
G3-258,short mother,短い母,3,family,家族,,I know short mother.,私は「短い母」を知っています。,normal,true
G3-259,old teacher,古い先生,3,school,学校,,I know old teacher.,私は「古い先生」を知っています。,normal,true
G3-260,my Monday,私の月曜日,3,day_week,曜日,,I know my Monday.,私は「私の月曜日」を知っています。,normal,true
G3-261,today is hot,今日は暑い,3,weather,天気,,I know today is hot.,私は「今日は暑い」を知っています。,normal,true
G3-262,old leg,古い脚,3,body,体,,I know old leg.,私は「古い脚」を知っています。,normal,true
G3-263,old bed,古いベッド,3,house,家の中,,I know old bed.,私は「古いベッド」を知っています。,normal,true
G3-264,school farmer,学校の農家,3,job,職業,,I know school farmer.,私は「学校の農家」を知っています。,normal,true
G3-265,very hungry,とてもおなかがすいた,3,feeling,気持ち,,I know very hungry.,私は「とてもおなかがすいた」を知っています。,normal,true
G3-266,old photo,古い写真,3,daily_life,日常生活,,I know old photo.,私は「古い写真」を知っています。,normal,true
G3-267,short banana,短いバナナ,3,fruit,果物,,I know short banana.,私は「短いバナナ」を知っています。,normal,true
G3-268,model plane,模型の飛行機,3,vehicle,乗り物,,I know model plane.,私は「模型の飛行機」を知っています。,normal,true
G3-269,dark white,濃い白,3,color,色,,I know dark white.,私は「濃い白」を知っています。,normal,true
G3-270,old tiger,古いトラ,3,animal,動物,,I know old tiger.,私は「古いトラ」を知っています。,normal,true
G3-271,old cookie,古いクッキー,3,food,食べ物,,I know old cookie.,私は「古いクッキー」を知っています。,normal,true
G3-272,short father,短い父,3,family,家族,,I know short father.,私は「短い父」を知っています。,normal,true
G3-273,old student,古い生徒,3,school,学校,,I know old student.,私は「古い生徒」を知っています。,normal,true
G3-274,your Monday,あなたの月曜日,3,day_week,曜日,,I know your Monday.,私は「あなたの月曜日」を知っています。,normal,true
G3-275,tomorrow is hot,明日は暑い,3,weather,天気,,I know tomorrow is hot.,私は「明日は暑い」を知っています。,normal,true
G3-276,old foot,古い足,3,body,体,,I know old foot.,私は「古い足」を知っています。,normal,true
G3-277,old table,古いテーブル,3,house,家の中,,I know old table.,私は「古いテーブル」を知っています。,normal,true
G3-278,hospital farmer,病院の農家,3,job,職業,,I know hospital farmer.,私は「病院の農家」を知っています。,normal,true
G3-279,a little hungry,少しおなかがすいた,3,feeling,気持ち,,I know a little hungry.,私は「少しおなかがすいた」を知っています。,normal,true
G3-280,old letter,古い手紙,3,daily_life,日常生活,,I know old letter.,私は「古い手紙」を知っています。,normal,true
G3-281,short orange,短いオレンジ,3,fruit,果物,,I know short orange.,私は「短いオレンジ」を知っています。,normal,true
G3-282,electric plane,電動の飛行機,3,vehicle,乗り物,,I know electric plane.,私は「電動の飛行機」を知っています。,normal,true
G3-283,deep white,深い白,3,color,色,,I know deep white.,私は「深い白」を知っています。,normal,true
G3-284,old bear,古いくま,3,animal,動物,,I know old bear.,私は「古いくま」を知っています。,normal,true
G3-285,old pizza,古いピザ,3,food,食べ物,,I know old pizza.,私は「古いピザ」を知っています。,normal,true
G3-286,short sister,短い姉妹,3,family,家族,,I know short sister.,私は「短い姉妹」を知っています。,normal,true
G3-287,old homework,古い宿題,3,school,学校,,I know old homework.,私は「古い宿題」を知っています。,normal,true
G3-288,this Monday,この月曜日,3,day_week,曜日,,I know this Monday.,私は「この月曜日」を知っています。,normal,true
G3-289,morning is hot,朝は暑い,3,weather,天気,,I know morning is hot.,私は「朝は暑い」を知っています。,normal,true
G3-290,old shoulder,古い肩,3,body,体,,I know old shoulder.,私は「古い肩」を知っています。,normal,true
G3-291,old sofa,古いソファ,3,house,家の中,,I know old sofa.,私は「古いソファ」を知っています。,normal,true
G3-292,town farmer,町の農家,3,job,職業,,I know town farmer.,私は「町の農家」を知っています。,normal,true
G3-293,still hungry,まだおなかがすいた,3,feeling,気持ち,,I know still hungry.,私は「まだおなかがすいた」を知っています。,normal,true
G3-294,old bag,古いかばん,3,daily_life,日常生活,,I know old bag.,私は「古いかばん」を知っています。,normal,true
G3-295,short grape,短いぶどう,3,fruit,果物,,I know short grape.,私は「短いぶどう」を知っています。,normal,true
G3-296,fast plane,速い飛行機,3,vehicle,乗り物,,I know fast plane.,私は「速い飛行機」を知っています。,normal,true
G3-297,pale white,淡い白,3,color,色,,I know pale white.,私は「淡い白」を知っています。,normal,true
G3-298,old monkey,古いさる,3,animal,動物,,I know old monkey.,私は「古いさる」を知っています。,normal,true
G3-299,old noodle,古いめん,3,food,食べ物,,I know old noodle.,私は「古いめん」を知っています。,normal,true
G3-300,short brother,短い兄弟,3,family,家族,,I know short brother.,私は「短い兄弟」を知っています。,normal,true
G3-301,old question,古い質問,3,school,学校,,I know old question.,私は「古い質問」を知っています。,normal,true
G3-302,that Monday,あの月曜日,3,day_week,曜日,,I know that Monday.,私は「あの月曜日」を知っています。,normal,true
G3-303,afternoon is hot,午後は暑い,3,weather,天気,,I know afternoon is hot.,私は「午後は暑い」を知っています。,normal,true
G3-304,old knee,古いひざ,3,body,体,,I know old knee.,私は「古いひざ」を知っています。,normal,true
G3-305,old lamp,古いランプ,3,house,家の中,,I know old lamp.,私は「古いランプ」を知っています。,normal,true
G3-306,airport farmer,空港の農家,3,job,職業,,I know airport farmer.,私は「空港の農家」を知っています。,normal,true
G3-307,really hungry,本当におなかがすいた,3,feeling,気持ち,,I know really hungry.,私は「本当におなかがすいた」を知っています。,normal,true
G3-308,old umbrella,古い傘,3,daily_life,日常生活,,I know old umbrella.,私は「古い傘」を知っています。,normal,true
G3-309,short melon,短いメロン,3,fruit,果物,,I know short melon.,私は「短いメロン」を知っています。,normal,true
G3-310,slow plane,ゆっくりの飛行機,3,vehicle,乗り物,,I know slow plane.,私は「ゆっくりの飛行機」を知っています。,normal,true
G3-311,soft white,やわらかい白,3,color,色,,I know soft white.,私は「やわらかい白」を知っています。,normal,true
G3-312,old panda,古いパンダ,3,animal,動物,,I know old panda.,私は「古いパンダ」を知っています。,normal,true
G3-313,old sandwich,古いサンドイッチ,3,food,食べ物,,I know old sandwich.,私は「古いサンドイッチ」を知っています。,normal,true
G3-314,short grandmother,短い祖母,3,family,家族,,I know short grandmother.,私は「短い祖母」を知っています。,normal,true
G3-315,old lesson,古い授業,3,school,学校,,I know old lesson.,私は「古い授業」を知っています。,normal,true
G3-316,my Tuesday,私の火曜日,3,day_week,曜日,,I know my Tuesday.,私は「私の火曜日」を知っています。,normal,true
G3-317,weekend is hot,週末は暑い,3,weather,天気,,I know weekend is hot.,私は「週末は暑い」を知っています。,normal,true
G3-318,old heart,古い心臓,3,body,体,,I know old heart.,私は「古い心臓」を知っています。,normal,true
G3-319,old clock,古い時計,3,house,家の中,,I know old clock.,私は「古い時計」を知っています。,normal,true
G3-320,station farmer,駅の農家,3,job,職業,,I know station farmer.,私は「駅の農家」を知っています。,normal,true
G3-321,sometimes hungry,時々おなかがすいた,3,feeling,気持ち,,I know sometimes hungry.,私は「時々おなかがすいた」を知っています。,normal,true
G3-322,old key,古い鍵,3,daily_life,日常生活,,I know old key.,私は「古い鍵」を知っています。,normal,true
G3-323,short peach,短いもも,3,fruit,果物,,I know short peach.,私は「短いもも」を知っています。,normal,true
G3-324,safe plane,安全な飛行機,3,vehicle,乗り物,,I know safe plane.,私は「安全な飛行機」を知っています。,normal,true
G3-325,bright white,鮮やかな白,3,color,色,,I know bright white.,私は「鮮やかな白」を知っています。,normal,true
G3-326,old elephant,古いぞう,3,animal,動物,,I know old elephant.,私は「古いぞう」を知っています。,normal,true
G3-327,old curry,古いカレー,3,food,食べ物,,I know old curry.,私は「古いカレー」を知っています。,normal,true
G3-328,short grandfather,短い祖父,3,family,家族,,I know short grandfather.,私は「短い祖父」を知っています。,normal,true
G3-329,old test,古いテスト,3,school,学校,,I know old test.,私は「古いテスト」を知っています。,normal,true
G3-330,your Tuesday,あなたの火曜日,3,day_week,曜日,,I know your Tuesday.,私は「あなたの火曜日」を知っています。,normal,true
G3-331,this week is hot,今週は暑い,3,weather,天気,,I know this week is hot.,私は「今週は暑い」を知っています。,normal,true
G3-332,old hair,古い髪,3,body,体,,I know old hair.,私は「古い髪」を知っています。,normal,true
G3-333,old garden,古い庭,3,house,家の中,,I know old garden.,私は「古い庭」を知っています。,normal,true
G3-334,zoo farmer,動物園の農家,3,job,職業,,I know zoo farmer.,私は「動物園の農家」を知っています。,normal,true
G3-335,today hungry,今日はおなかがすいた,3,feeling,気持ち,,I know today hungry.,私は「今日はおなかがすいた」を知っています。,normal,true
G3-336,old future,古い未来,3,daily_life,日常生活,,I know old future.,私は「古い未来」を知っています。,normal,true
G3-337,short pear,短いなし,3,fruit,果物,,I know short pear.,私は「短いなし」を知っています。,normal,true
G3-338,new plane,新しい飛行機,3,vehicle,乗り物,,I know new plane.,私は「新しい飛行機」を知っています。,normal,true
G3-339,clear white,はっきりした白,3,color,色,,I know clear white.,私は「はっきりした白」を知っています。,normal,true
G3-340,old giraffe,古いキリン,3,animal,動物,,I know old giraffe.,私は「古いキリン」を知っています。,normal,true
G3-341,old tea,古いお茶,3,food,食べ物,,I know old tea.,私は「古いお茶」を知っています。,normal,true
G3-342,short aunt,短いおば,3,family,家族,,I know short aunt.,私は「短いおば」を知っています。,normal,true
G3-343,old map,古い地図,3,school,学校,,I know old map.,私は「古い地図」を知っています。,normal,true
G3-344,this Tuesday,この火曜日,3,day_week,曜日,,I know this Tuesday.,私は「この火曜日」を知っています。,normal,true
G3-345,next week is hot,来週は暑い,3,weather,天気,,I know next week is hot.,私は「来週は暑い」を知っています。,normal,true
G3-346,old neck,古い首,3,body,体,,I know old neck.,私は「古い首」を知っています。,normal,true
G3-347,old stairs,古い階段,3,house,家の中,,I know old stairs.,私は「古い階段」を知っています。,normal,true
G3-348,museum farmer,博物館の農家,3,job,職業,,I know museum farmer.,私は「博物館の農家」を知っています。,normal,true
G3-349,now hungry,今おなかがすいた,3,feeling,気持ち,,I know now hungry.,私は「今おなかがすいた」を知っています。,normal,true
G3-350,old dream,古い夢,3,daily_life,日常生活,,I know old dream.,私は「古い夢」を知っています。,normal,true
G3-351,short lemon,短いレモン,3,fruit,果物,,I know short lemon.,私は「短いレモン」を知っています。,normal,true
G3-352,old plane,古い飛行機,3,vehicle,乗り物,,I know old plane.,私は「古い飛行機」を知っています。,normal,true
G3-353,warm white,暖かい白,3,color,色,,I know warm white.,私は「暖かい白」を知っています。,normal,true
G3-354,old zebra,古いシマウマ,3,animal,動物,,I know old zebra.,私は「古いシマウマ」を知っています。,normal,true
G3-355,old water,古い水,3,food,食べ物,,I know old water.,私は「古い水」を知っています。,normal,true
G3-356,short uncle,短いおじ,3,family,家族,,I know short uncle.,私は「短いおじ」を知っています。,normal,true
G3-357,old globe,古い地球儀,3,school,学校,,I know old globe.,私は「古い地球儀」を知っています。,normal,true
G3-358,that Tuesday,あの火曜日,3,day_week,曜日,,I know that Tuesday.,私は「あの火曜日」を知っています。,normal,true
G3-359,school day is hot,学校の日は暑い,3,weather,天気,,I know school day is hot.,私は「学校の日は暑い」を知っています。,normal,true
G3-360,old back,古い背中,3,body,体,,I know old back.,私は「古い背中」を知っています。,normal,true
G3-361,old mirror,古い鏡,3,house,家の中,,I know old mirror.,私は「古い鏡」を知っています。,normal,true
G3-362,restaurant farmer,レストランの農家,3,job,職業,,I know restaurant farmer.,私は「レストランの農家」を知っています。,normal,true
G3-363,after class hungry,授業の後でおなかがすいた,3,feeling,気持ち,,I know after class hungry.,私は「授業の後でおなかがすいた」を知っています。,normal,true
G3-364,old plan,古い計画,3,daily_life,日常生活,,I know old plan.,私は「古い計画」を知っています。,normal,true
G3-365,short cherry,短いさくらんぼ,3,fruit,果物,,I know short cherry.,私は「短いさくらんぼ」を知っています。,normal,true
G3-366,small plane,小型の飛行機,3,vehicle,乗り物,,I know small plane.,私は「小型の飛行機」を知っています。,normal,true
G3-367,cool white,涼しげな白,3,color,色,,I know cool white.,私は「涼しげな白」を知っています。,normal,true
G3-368,old kangaroo,古いカンガルー,3,animal,動物,,I know old kangaroo.,私は「古いカンガルー」を知っています。,normal,true
G3-369,old juice,古いジュース,3,food,食べ物,,I know old juice.,私は「古いジュース」を知っています。,normal,true
G3-370,short cousin,短いいとこ,3,family,家族,,I know short cousin.,私は「短いいとこ」を知っています。,normal,true
G3-371,old library,古い図書館,3,school,学校,,I know old library.,私は「古い図書館」を知っています。,normal,true
G3-372,my Wednesday,私の水曜日,3,day_week,曜日,,I know my Wednesday.,私は「私の水曜日」を知っています。,normal,true
G3-373,holiday is hot,休日は暑い,3,weather,天気,,I know holiday is hot.,私は「休日は暑い」を知っています。,normal,true
G3-374,old stomach,古いおなか,3,body,体,,I know old stomach.,私は「古いおなか」を知っています。,normal,true
G3-375,old shelf,古い棚,3,house,家の中,,I know old shelf.,私は「古い棚」を知っています。,normal,true
G3-376,farm farmer,農場の農家,3,job,職業,,I know farm farmer.,私は「農場の農家」を知っています。,normal,true
G3-377,before test hungry,テスト前におなかがすいた,3,feeling,気持ち,,I know before test hungry.,私は「テスト前におなかがすいた」を知っています。,normal,true
G3-378,old rule,古いルール,3,daily_life,日常生活,,I know old rule.,私は「古いルール」を知っています。,normal,true
G3-379,short strawberry,短いいちご,3,fruit,果物,,I know short strawberry.,私は「短いいちご」を知っています。,normal,true
G3-380,large plane,大型の飛行機,3,vehicle,乗り物,,I know large plane.,私は「大型の飛行機」を知っています。,normal,true
G3-381,favorite white,好きな白,3,color,色,,I know favorite white.,私は「好きな白」を知っています。,normal,true
G3-382,old koala,古いコアラ,3,animal,動物,,I know old koala.,私は「古いコアラ」を知っています。,normal,true
G3-383,old yogurt,古いヨーグルト,3,food,食べ物,,I know old yogurt.,私は「古いヨーグルト」を知っています。,normal,true
G3-384,short baby,短い赤ちゃん,3,family,家族,,I know short baby.,私は「短い赤ちゃん」を知っています。,normal,true
G3-385,old marker,古いマーカー,3,school,学校,,I know old marker.,私は「古いマーカー」を知っています。,normal,true
G3-386,your Wednesday,あなたの水曜日,3,day_week,曜日,,I know your Wednesday.,私は「あなたの水曜日」を知っています。,normal,true
G3-387,outside is hot,外は暑い,3,weather,天気,,I know outside is hot.,私は「外は暑い」を知っています。,normal,true
G3-388,old voice,古い声,3,body,体,,I know old voice.,私は「古い声」を知っています。,normal,true
G3-389,old closet,古いクローゼット,3,house,家の中,,I know old closet.,私は「古いクローゼット」を知っています。,normal,true
G3-390,library farmer,図書館の農家,3,job,職業,,I know library farmer.,私は「図書館の農家」を知っています。,normal,true
G3-391,with friends hungry,友だちといておなかがすいた,3,feeling,気持ち,,I know with friends hungry.,私は「友だちといておなかがすいた」を知っています。,normal,true
G3-392,old team,古いチーム,3,daily_life,日常生活,,I know old team.,私は「古いチーム」を知っています。,normal,true
G3-393,short pineapple,短いパイナップル,3,fruit,果物,,I know short pineapple.,私は「短いパイナップル」を知っています。,normal,true
G3-394,long plane,長い飛行機,3,vehicle,乗り物,,I know long plane.,私は「長い飛行機」を知っています。,normal,true
G3-395,school white,学校で使う白,3,color,色,,I know school white.,私は「学校で使う白」を知っています。,normal,true
G3-396,long dog,長い犬,3,animal,動物,,I know long dog.,私は「長い犬」を知っています。,normal,true
G3-397,long rice,長いごはん,3,food,食べ物,,I know long rice.,私は「長いごはん」を知っています。,normal,true
G3-398,short parent,短い親,3,family,家族,,I know short parent.,私は「短い親」を知っています。,normal,true
G3-399,long school,長い学校,3,school,学校,,I know long school.,私は「長い学校」を知っています。,normal,true
G3-400,this Wednesday,この水曜日,3,day_week,曜日,,I know this Wednesday.,私は「この水曜日」を知っています。,normal,true
G3-401,spring hot,春の暑い,3,weather,天気,,I know spring hot.,私は「春の暑い」を知っています。,normal,true
G3-402,long head,長い頭,3,body,体,,I know long head.,私は「長い頭」を知っています。,normal,true
G3-403,long house,長い家,3,house,家の中,,I know long house.,私は「長い家」を知っています。,normal,true
G3-404,kind farmer,親切な農家,3,job,職業,,I know kind farmer.,私は「親切な農家」を知っています。,normal,true
G3-405,at school hungry,学校でおなかがすいた,3,feeling,気持ち,,I know at school hungry.,私は「学校でおなかがすいた」を知っています。,normal,true
G3-406,long friend,長い友だち,3,daily_life,日常生活,,I know long friend.,私は「長い友だち」を知っています。,normal,true
G3-407,short kiwi,短いキウイ,3,fruit,果物,,I know short kiwi.,私は「短いキウイ」を知っています。,normal,true
G3-408,short plane,短い飛行機,3,vehicle,乗り物,,I know short plane.,私は「短い飛行機」を知っています。,normal,true
G3-409,basic white,基本の白,3,color,色,,I know basic white.,私は「基本の白」を知っています。,normal,true
G3-410,long cat,長いねこ,3,animal,動物,,I know long cat.,私は「長いねこ」を知っています。,normal,true
G3-411,long bread,長いパン,3,food,食べ物,,I know long bread.,私は「長いパン」を知っています。,normal,true
G3-412,short child,短い子ども,3,family,家族,,I know short child.,私は「短い子ども」を知っています。,normal,true
G3-413,long book,長い本,3,school,学校,,I know long book.,私は「長い本」を知っています。,normal,true
G3-414,that Wednesday,あの水曜日,3,day_week,曜日,,I know that Wednesday.,私は「あの水曜日」を知っています。,normal,true
G3-415,summer hot,夏の暑い,3,weather,天気,,I know summer hot.,私は「夏の暑い」を知っています。,normal,true
G3-416,long face,長い顔,3,body,体,,I know long face.,私は「長い顔」を知っています。,normal,true
G3-417,long room,長い部屋,3,house,家の中,,I know long room.,私は「長い部屋」を知っています。,normal,true
G3-418,busy farmer,忙しい農家,3,job,職業,,I know busy farmer.,私は「忙しい農家」を知っています。,normal,true
G3-419,at home hungry,家でおなかがすいた,3,feeling,気持ち,,I know at home hungry.,私は「家でおなかがすいた」を知っています。,normal,true
G3-420,long game,長いゲーム,3,daily_life,日常生活,,I know long game.,私は「長いゲーム」を知っています。,normal,true
G3-421,short mango,短いマンゴー,3,fruit,果物,,I know short mango.,私は「短いマンゴー」を知っています。,normal,true
G3-422,passenger plane,乗客用の飛行機,3,vehicle,乗り物,,I know passenger plane.,私は「乗客用の飛行機」を知っています。,normal,true
G3-423,pretty white,きれいな白,3,color,色,,I know pretty white.,私は「きれいな白」を知っています。,normal,true
G3-424,long bird,長い鳥,3,animal,動物,,I know long bird.,私は「長い鳥」を知っています。,normal,true
G3-425,long milk,長い牛乳,3,food,食べ物,,I know long milk.,私は「長い牛乳」を知っています。,normal,true
G3-426,short family,短い家族,3,family,家族,,I know short family.,私は「短い家族」を知っています。,normal,true
G3-427,long pencil,長い鉛筆,3,school,学校,,I know long pencil.,私は「長い鉛筆」を知っています。,normal,true
G3-428,my Thursday,私の木曜日,3,day_week,曜日,,I know my Thursday.,私は「私の木曜日」を知っています。,normal,true
G3-429,fall hot,秋の暑い,3,weather,天気,,I know fall hot.,私は「秋の暑い」を知っています。,normal,true
G3-430,long eye,長い目,3,body,体,,I know long eye.,私は「長い目」を知っています。,normal,true
G3-431,long kitchen,長い台所,3,house,家の中,,I know long kitchen.,私は「長い台所」を知っています。,normal,true
G3-432,new farmer,新しい農家,3,job,職業,,I know new farmer.,私は「新しい農家」を知っています。,normal,true
G3-433,on Monday hungry,月曜日におなかがすいた,3,feeling,気持ち,,I know on Monday hungry.,私は「月曜日におなかがすいた」を知っています。,normal,true
G3-434,long music,長い音楽,3,daily_life,日常生活,,I know long music.,私は「長い音楽」を知っています。,normal,true
G3-435,short plum,短いすもも,3,fruit,果物,,I know short plum.,私は「短いすもも」を知っています。,normal,true
G3-436,cargo plane,荷物用の飛行機,3,vehicle,乗り物,,I know cargo plane.,私は「荷物用の飛行機」を知っています。,normal,true
G3-437,simple white,かんたんな白,3,color,色,,I know simple white.,私は「かんたんな白」を知っています。,normal,true
G3-438,long fish,長い魚,3,animal,動物,,I know long fish.,私は「長い魚」を知っています。,normal,true
G3-439,long egg,長い卵,3,food,食べ物,,I know long egg.,私は「長い卵」を知っています。,normal,true
G3-440,short daughter,短い娘,3,family,家族,,I know short daughter.,私は「短い娘」を知っています。,normal,true
G3-441,long pen,長いペン,3,school,学校,,I know long pen.,私は「長いペン」を知っています。,normal,true
G3-442,your Thursday,あなたの木曜日,3,day_week,曜日,,I know your Thursday.,私は「あなたの木曜日」を知っています。,normal,true
G3-443,winter hot,冬の暑い,3,weather,天気,,I know winter hot.,私は「冬の暑い」を知っています。,normal,true
G3-444,long ear,長い耳,3,body,体,,I know long ear.,私は「長い耳」を知っています。,normal,true
G3-445,long bedroom,長い寝室,3,house,家の中,,I know long bedroom.,私は「長い寝室」を知っています。,normal,true
G3-446,famous farmer,有名な農家,3,job,職業,,I know famous farmer.,私は「有名な農家」を知っています。,normal,true
G3-447,in the morning hungry,朝におなかがすいた,3,feeling,気持ち,,I know in the morning hungry.,私は「朝におなかがすいた」を知っています。,normal,true
G3-448,long sport,長いスポーツ,3,daily_life,日常生活,,I know long sport.,私は「長いスポーツ」を知っています。,normal,true
G3-449,short fig,短いいちじく,3,fruit,果物,,I know short fig.,私は「短いいちじく」を知っています。,normal,true
G3-450,rescue plane,救助用の飛行機,3,vehicle,乗り物,,I know rescue plane.,私は「救助用の飛行機」を知っています。,normal,true
G3-451,new white,新しい白,3,color,色,,I know new white.,私は「新しい白」を知っています。,normal,true
G3-452,long rabbit,長いうさぎ,3,animal,動物,,I know long rabbit.,私は「長いうさぎ」を知っています。,normal,true
G3-453,long cheese,長いチーズ,3,food,食べ物,,I know long cheese.,私は「長いチーズ」を知っています。,normal,true
G3-454,short son,短い息子,3,family,家族,,I know short son.,私は「短い息子」を知っています。,normal,true
G3-455,long eraser,長い消しゴム,3,school,学校,,I know long eraser.,私は「長い消しゴム」を知っています。,normal,true
G3-456,this Thursday,この木曜日,3,day_week,曜日,,I know this Thursday.,私は「この木曜日」を知っています。,normal,true
G3-457,evening is hot,夕方は暑い,3,weather,天気,,I know evening is hot.,私は「夕方は暑い」を知っています。,normal,true
G3-458,long nose,長い鼻,3,body,体,,I know long nose.,私は「長い鼻」を知っています。,normal,true
G3-459,long bathroom,長い浴室,3,house,家の中,,I know long bathroom.,私は「長い浴室」を知っています。,normal,true
G3-460,young farmer,若い農家,3,job,職業,,I know young farmer.,私は「若い農家」を知っています。,normal,true
G3-461,at night hungry,夜におなかがすいた,3,feeling,気持ち,,I know at night hungry.,私は「夜におなかがすいた」を知っています。,normal,true
G3-462,long club,長いクラブ,3,daily_life,日常生活,,I know long club.,私は「長いクラブ」を知っています。,normal,true
G3-463,fast apple,速いりんご,3,fruit,果物,,I know fast apple.,私は「速いりんご」を知っています。,normal,true
G3-464,toy truck,おもちゃのトラック,3,vehicle,乗り物,,I know toy truck.,私は「おもちゃのトラック」を知っています。,normal,true
G3-465,light pink,明るいピンク,3,color,色,,I know light pink.,私は「明るいピンク」を知っています。,normal,true
G3-466,long horse,長い馬,3,animal,動物,,I know long horse.,私は「長い馬」を知っています。,normal,true
G3-467,long meat,長い肉,3,food,食べ物,,I know long meat.,私は「長い肉」を知っています。,normal,true
G3-468,fast mother,速い母,3,family,家族,,I know fast mother.,私は「速い母」を知っています。,normal,true
G3-469,long ruler,長いものさし,3,school,学校,,I know long ruler.,私は「長いものさし」を知っています。,normal,true
G3-470,that Thursday,あの木曜日,3,day_week,曜日,,I know that Thursday.,私は「あの木曜日」を知っています。,normal,true
G3-471,today is cold,今日は寒い,3,weather,天気,,I know today is cold.,私は「今日は寒い」を知っています。,normal,true
G3-472,long mouth,長い口,3,body,体,,I know long mouth.,私は「長い口」を知っています。,normal,true
G3-473,long door,長いドア,3,house,家の中,,I know long door.,私は「長いドア」を知っています。,normal,true
G3-474,school driver,学校の運転手,3,job,職業,,I know school driver.,私は「学校の運転手」を知っています。,normal,true
G3-475,very thirsty,とてものどが渇いた,3,feeling,気持ち,,I know very thirsty.,私は「とてものどが渇いた」を知っています。,normal,true
G3-476,long birthday,長い誕生日,3,daily_life,日常生活,,I know long birthday.,私は「長い誕生日」を知っています。,normal,true
G3-477,fast banana,速いバナナ,3,fruit,果物,,I know fast banana.,私は「速いバナナ」を知っています。,normal,true
G3-478,model truck,模型のトラック,3,vehicle,乗り物,,I know model truck.,私は「模型のトラック」を知っています。,normal,true
G3-479,dark pink,濃いピンク,3,color,色,,I know dark pink.,私は「濃いピンク」を知っています。,normal,true
G3-480,long cow,長い牛,3,animal,動物,,I know long cow.,私は「長い牛」を知っています。,normal,true
G3-481,long chicken,長い鶏肉,3,food,食べ物,,I know long chicken.,私は「長い鶏肉」を知っています。,normal,true
G3-482,fast father,速い父,3,family,家族,,I know fast father.,私は「速い父」を知っています。,normal,true
G3-483,long notebook,長いノート,3,school,学校,,I know long notebook.,私は「長いノート」を知っています。,normal,true
G3-484,my Friday,私の金曜日,3,day_week,曜日,,I know my Friday.,私は「私の金曜日」を知っています。,normal,true
G3-485,tomorrow is cold,明日は寒い,3,weather,天気,,I know tomorrow is cold.,私は「明日は寒い」を知っています。,normal,true
G3-486,long tooth,長い歯,3,body,体,,I know long tooth.,私は「長い歯」を知っています。,normal,true
G3-487,long window,長い窓,3,house,家の中,,I know long window.,私は「長い窓」を知っています。,normal,true
G3-488,hospital driver,病院の運転手,3,job,職業,,I know hospital driver.,私は「病院の運転手」を知っています。,normal,true
G3-489,a little thirsty,少しのどが渇いた,3,feeling,気持ち,,I know a little thirsty.,私は「少しのどが渇いた」を知っています。,normal,true
G3-490,long holiday,長い休日,3,daily_life,日常生活,,I know long holiday.,私は「長い休日」を知っています。,normal,true
G3-491,fast orange,速いオレンジ,3,fruit,果物,,I know fast orange.,私は「速いオレンジ」を知っています。,normal,true
G3-492,electric truck,電動のトラック,3,vehicle,乗り物,,I know electric truck.,私は「電動のトラック」を知っています。,normal,true
G3-493,deep pink,深いピンク,3,color,色,,I know deep pink.,私は「深いピンク」を知っています。,normal,true
G3-494,long pig,長いぶた,3,animal,動物,,I know long pig.,私は「長いぶた」を知っています。,normal,true
G3-495,long fish,長い魚,3,food,食べ物,,I know long fish.,私は「長い魚」を知っています。,normal,true
G3-496,fast sister,速い姉妹,3,family,家族,,I know fast sister.,私は「速い姉妹」を知っています。,normal,true
G3-497,long desk,長い机,3,school,学校,,I know long desk.,私は「長い机」を知っています。,normal,true
G3-498,your Friday,あなたの金曜日,3,day_week,曜日,,I know your Friday.,私は「あなたの金曜日」を知っています。,normal,true
G3-499,morning is cold,朝は寒い,3,weather,天気,,I know morning is cold.,私は「朝は寒い」を知っています。,normal,true
G3-500,long hand,長い手,3,body,体,,I know long hand.,私は「長い手」を知っています。,normal,true
G4-001,fast grape,速いぶどう,4,fruit,果物,,I know fast grape.,私は「速いぶどう」を知っています。,normal,true
G4-002,fast truck,速いトラック,4,vehicle,乗り物,,I know fast truck.,私は「速いトラック」を知っています。,normal,true
G4-003,pale pink,淡いピンク,4,color,色,,I know pale pink.,私は「淡いピンク」を知っています。,normal,true
G4-004,long sheep,長い羊,4,animal,動物,,I know long sheep.,私は「長い羊」を知っています。,normal,true
G4-005,long soup,長いスープ,4,food,食べ物,,I know long soup.,私は「長いスープ」を知っています。,normal,true
G4-006,fast brother,速い兄弟,4,family,家族,,I know fast brother.,私は「速い兄弟」を知っています。,normal,true
G4-007,long chair,長いいす,4,school,学校,,I know long chair.,私は「長いいす」を知っています。,normal,true
G4-008,this Friday,この金曜日,4,day_week,曜日,,I know this Friday.,私は「この金曜日」を知っています。,normal,true
G4-009,afternoon is cold,午後は寒い,4,weather,天気,,I know afternoon is cold.,私は「午後は寒い」を知っています。,normal,true
G4-010,long finger,長い指,4,body,体,,I know long finger.,私は「長い指」を知っています。,normal,true
G4-011,long wall,長い壁,4,house,家の中,,I know long wall.,私は「長い壁」を知っています。,normal,true
G4-012,airport driver,空港の運転手,4,job,職業,,I know airport driver.,私は「空港の運転手」を知っています。,normal,true
G4-013,really thirsty,本当にのどが渇いた,4,feeling,気持ち,,I know really thirsty.,私は「本当にのどが渇いた」を知っています。,normal,true
G4-014,long ticket,長い切符,4,daily_life,日常生活,,I know long ticket.,私は「長い切符」を知っています。,normal,true
G4-015,fast melon,速いメロン,4,fruit,果物,,I know fast melon.,私は「速いメロン」を知っています。,normal,true
G4-016,slow truck,ゆっくりのトラック,4,vehicle,乗り物,,I know slow truck.,私は「ゆっくりのトラック」を知っています。,normal,true
G4-017,soft pink,やわらかいピンク,4,color,色,,I know soft pink.,私は「やわらかいピンク」を知っています。,normal,true
G4-018,long goat,長いやぎ,4,animal,動物,,I know long goat.,私は「長いやぎ」を知っています。,normal,true
G4-019,long salad,長いサラダ,4,food,食べ物,,I know long salad.,私は「長いサラダ」を知っています。,normal,true
G4-020,fast grandmother,速い祖母,4,family,家族,,I know fast grandmother.,私は「速い祖母」を知っています。,normal,true
G4-021,long classroom,長い教室,4,school,学校,,I know long classroom.,私は「長い教室」を知っています。,normal,true
G4-022,that Friday,あの金曜日,4,day_week,曜日,,I know that Friday.,私は「あの金曜日」を知っています。,normal,true
G4-023,weekend is cold,週末は寒い,4,weather,天気,,I know weekend is cold.,私は「週末は寒い」を知っています。,normal,true
G4-024,long arm,長い腕,4,body,体,,I know long arm.,私は「長い腕」を知っています。,normal,true
G4-025,long roof,長い屋根,4,house,家の中,,I know long roof.,私は「長い屋根」を知っています。,normal,true
G4-026,station driver,駅の運転手,4,job,職業,,I know station driver.,私は「駅の運転手」を知っています。,normal,true
G4-027,sometimes thirsty,時々のどが渇いた,4,feeling,気持ち,,I know sometimes thirsty.,私は「時々のどが渇いた」を知っています。,normal,true
G4-028,long phone,長い電話,4,daily_life,日常生活,,I know long phone.,私は「長い電話」を知っています。,normal,true
G4-029,fast peach,速いもも,4,fruit,果物,,I know fast peach.,私は「速いもも」を知っています。,normal,true
G4-030,safe truck,安全なトラック,4,vehicle,乗り物,,I know safe truck.,私は「安全なトラック」を知っています。,normal,true
G4-031,bright pink,鮮やかなピンク,4,color,色,,I know bright pink.,私は「鮮やかなピンク」を知っています。,normal,true
G4-032,long lion,長いライオン,4,animal,動物,,I know long lion.,私は「長いライオン」を知っています。,normal,true
G4-033,long cake,長いケーキ,4,food,食べ物,,I know long cake.,私は「長いケーキ」を知っています。,normal,true
G4-034,fast grandfather,速い祖父,4,family,家族,,I know fast grandfather.,私は「速い祖父」を知っています。,normal,true
G4-035,long teacher,長い先生,4,school,学校,,I know long teacher.,私は「長い先生」を知っています。,normal,true
G4-036,my Saturday,私の土曜日,4,day_week,曜日,,I know my Saturday.,私は「私の土曜日」を知っています。,normal,true
G4-037,this week is cold,今週は寒い,4,weather,天気,,I know this week is cold.,私は「今週は寒い」を知っています。,normal,true
G4-038,long leg,長い脚,4,body,体,,I know long leg.,私は「長い脚」を知っています。,normal,true
G4-039,long bed,長いベッド,4,house,家の中,,I know long bed.,私は「長いベッド」を知っています。,normal,true
G4-040,zoo driver,動物園の運転手,4,job,職業,,I know zoo driver.,私は「動物園の運転手」を知っています。,normal,true
G4-041,today thirsty,今日はのどが渇いた,4,feeling,気持ち,,I know today thirsty.,私は「今日はのどが渇いた」を知っています。,normal,true
G4-042,long photo,長い写真,4,daily_life,日常生活,,I know long photo.,私は「長い写真」を知っています。,normal,true
G4-043,fast pear,速いなし,4,fruit,果物,,I know fast pear.,私は「速いなし」を知っています。,normal,true
G4-044,new truck,新しいトラック,4,vehicle,乗り物,,I know new truck.,私は「新しいトラック」を知っています。,normal,true
G4-045,clear pink,はっきりしたピンク,4,color,色,,I know clear pink.,私は「はっきりしたピンク」を知っています。,normal,true
G4-046,long tiger,長いトラ,4,animal,動物,,I know long tiger.,私は「長いトラ」を知っています。,normal,true
G4-047,long cookie,長いクッキー,4,food,食べ物,,I know long cookie.,私は「長いクッキー」を知っています。,normal,true
G4-048,fast aunt,速いおば,4,family,家族,,I know fast aunt.,私は「速いおば」を知っています。,normal,true
G4-049,long student,長い生徒,4,school,学校,,I know long student.,私は「長い生徒」を知っています。,normal,true
G4-050,your Saturday,あなたの土曜日,4,day_week,曜日,,I know your Saturday.,私は「あなたの土曜日」を知っています。,normal,true
G4-051,next week is cold,来週は寒い,4,weather,天気,,I know next week is cold.,私は「来週は寒い」を知っています。,normal,true
G4-052,long foot,長い足,4,body,体,,I know long foot.,私は「長い足」を知っています。,normal,true
G4-053,long table,長いテーブル,4,house,家の中,,I know long table.,私は「長いテーブル」を知っています。,normal,true
G4-054,museum driver,博物館の運転手,4,job,職業,,I know museum driver.,私は「博物館の運転手」を知っています。,normal,true
G4-055,now thirsty,今のどが渇いた,4,feeling,気持ち,,I know now thirsty.,私は「今のどが渇いた」を知っています。,normal,true
G4-056,long letter,長い手紙,4,daily_life,日常生活,,I know long letter.,私は「長い手紙」を知っています。,normal,true
G4-057,fast lemon,速いレモン,4,fruit,果物,,I know fast lemon.,私は「速いレモン」を知っています。,normal,true
G4-058,old truck,古いトラック,4,vehicle,乗り物,,I know old truck.,私は「古いトラック」を知っています。,normal,true
G4-059,warm pink,暖かいピンク,4,color,色,,I know warm pink.,私は「暖かいピンク」を知っています。,normal,true
G4-060,long bear,長いくま,4,animal,動物,,I know long bear.,私は「長いくま」を知っています。,normal,true
G4-061,long pizza,長いピザ,4,food,食べ物,,I know long pizza.,私は「長いピザ」を知っています。,normal,true
G4-062,fast uncle,速いおじ,4,family,家族,,I know fast uncle.,私は「速いおじ」を知っています。,normal,true
G4-063,long homework,長い宿題,4,school,学校,,I know long homework.,私は「長い宿題」を知っています。,normal,true
G4-064,this Saturday,この土曜日,4,day_week,曜日,,I know this Saturday.,私は「この土曜日」を知っています。,normal,true
G4-065,school day is cold,学校の日は寒い,4,weather,天気,,I know school day is cold.,私は「学校の日は寒い」を知っています。,normal,true
G4-066,long shoulder,長い肩,4,body,体,,I know long shoulder.,私は「長い肩」を知っています。,normal,true
G4-067,long sofa,長いソファ,4,house,家の中,,I know long sofa.,私は「長いソファ」を知っています。,normal,true
G4-068,restaurant driver,レストランの運転手,4,job,職業,,I know restaurant driver.,私は「レストランの運転手」を知っています。,normal,true
G4-069,after class thirsty,授業の後でのどが渇いた,4,feeling,気持ち,,I know after class thirsty.,私は「授業の後でのどが渇いた」を知っています。,normal,true
G4-070,long bag,長いかばん,4,daily_life,日常生活,,I know long bag.,私は「長いかばん」を知っています。,normal,true
G4-071,fast cherry,速いさくらんぼ,4,fruit,果物,,I know fast cherry.,私は「速いさくらんぼ」を知っています。,normal,true
G4-072,small truck,小型のトラック,4,vehicle,乗り物,,I know small truck.,私は「小型のトラック」を知っています。,normal,true
G4-073,cool pink,涼しげなピンク,4,color,色,,I know cool pink.,私は「涼しげなピンク」を知っています。,normal,true
G4-074,long monkey,長いさる,4,animal,動物,,I know long monkey.,私は「長いさる」を知っています。,normal,true
G4-075,long noodle,長いめん,4,food,食べ物,,I know long noodle.,私は「長いめん」を知っています。,normal,true
G4-076,fast cousin,速いいとこ,4,family,家族,,I know fast cousin.,私は「速いいとこ」を知っています。,normal,true
G4-077,long question,長い質問,4,school,学校,,I know long question.,私は「長い質問」を知っています。,normal,true
G4-078,that Saturday,あの土曜日,4,day_week,曜日,,I know that Saturday.,私は「あの土曜日」を知っています。,normal,true
G4-079,holiday is cold,休日は寒い,4,weather,天気,,I know holiday is cold.,私は「休日は寒い」を知っています。,normal,true
G4-080,long knee,長いひざ,4,body,体,,I know long knee.,私は「長いひざ」を知っています。,normal,true
G4-081,long lamp,長いランプ,4,house,家の中,,I know long lamp.,私は「長いランプ」を知っています。,normal,true
G4-082,farm driver,農場の運転手,4,job,職業,,I know farm driver.,私は「農場の運転手」を知っています。,normal,true
G4-083,before test thirsty,テスト前にのどが渇いた,4,feeling,気持ち,,I know before test thirsty.,私は「テスト前にのどが渇いた」を知っています。,normal,true
G4-084,long umbrella,長い傘,4,daily_life,日常生活,,I know long umbrella.,私は「長い傘」を知っています。,normal,true
G4-085,fast strawberry,速いいちご,4,fruit,果物,,I know fast strawberry.,私は「速いいちご」を知っています。,normal,true
G4-086,large truck,大型のトラック,4,vehicle,乗り物,,I know large truck.,私は「大型のトラック」を知っています。,normal,true
G4-087,favorite pink,好きなピンク,4,color,色,,I know favorite pink.,私は「好きなピンク」を知っています。,normal,true
G4-088,long panda,長いパンダ,4,animal,動物,,I know long panda.,私は「長いパンダ」を知っています。,normal,true
G4-089,long sandwich,長いサンドイッチ,4,food,食べ物,,I know long sandwich.,私は「長いサンドイッチ」を知っています。,normal,true
G4-090,fast baby,速い赤ちゃん,4,family,家族,,I know fast baby.,私は「速い赤ちゃん」を知っています。,normal,true
G4-091,long lesson,長い授業,4,school,学校,,I know long lesson.,私は「長い授業」を知っています。,normal,true
G4-092,my Sunday,私の日曜日,4,day_week,曜日,,I know my Sunday.,私は「私の日曜日」を知っています。,normal,true
G4-093,outside is cold,外は寒い,4,weather,天気,,I know outside is cold.,私は「外は寒い」を知っています。,normal,true
G4-094,long heart,長い心臓,4,body,体,,I know long heart.,私は「長い心臓」を知っています。,normal,true
G4-095,long clock,長い時計,4,house,家の中,,I know long clock.,私は「長い時計」を知っています。,normal,true
G4-096,library driver,図書館の運転手,4,job,職業,,I know library driver.,私は「図書館の運転手」を知っています。,normal,true
G4-097,with friends thirsty,友だちといてのどが渇いた,4,feeling,気持ち,,I know with friends thirsty.,私は「友だちといてのどが渇いた」を知っています。,normal,true
G4-098,long key,長い鍵,4,daily_life,日常生活,,I know long key.,私は「長い鍵」を知っています。,normal,true
G4-099,fast pineapple,速いパイナップル,4,fruit,果物,,I know fast pineapple.,私は「速いパイナップル」を知っています。,normal,true
G4-100,long truck,長いトラック,4,vehicle,乗り物,,I know long truck.,私は「長いトラック」を知っています。,normal,true
G4-101,school pink,学校で使うピンク,4,color,色,,I know school pink.,私は「学校で使うピンク」を知っています。,normal,true
G4-102,long elephant,長いぞう,4,animal,動物,,I know long elephant.,私は「長いぞう」を知っています。,normal,true
G4-103,long curry,長いカレー,4,food,食べ物,,I know long curry.,私は「長いカレー」を知っています。,normal,true
G4-104,fast parent,速い親,4,family,家族,,I know fast parent.,私は「速い親」を知っています。,normal,true
G4-105,long test,長いテスト,4,school,学校,,I know long test.,私は「長いテスト」を知っています。,normal,true
G4-106,your Sunday,あなたの日曜日,4,day_week,曜日,,I know your Sunday.,私は「あなたの日曜日」を知っています。,normal,true
G4-107,spring cold,春の寒い,4,weather,天気,,I know spring cold.,私は「春の寒い」を知っています。,normal,true
G4-108,long hair,長い髪,4,body,体,,I know long hair.,私は「長い髪」を知っています。,normal,true
G4-109,long garden,長い庭,4,house,家の中,,I know long garden.,私は「長い庭」を知っています。,normal,true
G4-110,kind driver,親切な運転手,4,job,職業,,I know kind driver.,私は「親切な運転手」を知っています。,normal,true
G4-111,at school thirsty,学校でのどが渇いた,4,feeling,気持ち,,I know at school thirsty.,私は「学校でのどが渇いた」を知っています。,normal,true
G4-112,long future,長い未来,4,daily_life,日常生活,,I know long future.,私は「長い未来」を知っています。,normal,true
G4-113,fast kiwi,速いキウイ,4,fruit,果物,,I know fast kiwi.,私は「速いキウイ」を知っています。,normal,true
G4-114,short truck,短いトラック,4,vehicle,乗り物,,I know short truck.,私は「短いトラック」を知っています。,normal,true
G4-115,basic pink,基本のピンク,4,color,色,,I know basic pink.,私は「基本のピンク」を知っています。,normal,true
G4-116,long giraffe,長いキリン,4,animal,動物,,I know long giraffe.,私は「長いキリン」を知っています。,normal,true
G4-117,long tea,長いお茶,4,food,食べ物,,I know long tea.,私は「長いお茶」を知っています。,normal,true
G4-118,fast child,速い子ども,4,family,家族,,I know fast child.,私は「速い子ども」を知っています。,normal,true
G4-119,long map,長い地図,4,school,学校,,I know long map.,私は「長い地図」を知っています。,normal,true
G4-120,this Sunday,この日曜日,4,day_week,曜日,,I know this Sunday.,私は「この日曜日」を知っています。,normal,true
G4-121,summer cold,夏の寒い,4,weather,天気,,I know summer cold.,私は「夏の寒い」を知っています。,normal,true
G4-122,long neck,長い首,4,body,体,,I know long neck.,私は「長い首」を知っています。,normal,true
G4-123,long stairs,長い階段,4,house,家の中,,I know long stairs.,私は「長い階段」を知っています。,normal,true
G4-124,busy driver,忙しい運転手,4,job,職業,,I know busy driver.,私は「忙しい運転手」を知っています。,normal,true
G4-125,at home thirsty,家でのどが渇いた,4,feeling,気持ち,,I know at home thirsty.,私は「家でのどが渇いた」を知っています。,normal,true
G4-126,long dream,長い夢,4,daily_life,日常生活,,I know long dream.,私は「長い夢」を知っています。,normal,true
G4-127,fast mango,速いマンゴー,4,fruit,果物,,I know fast mango.,私は「速いマンゴー」を知っています。,normal,true
G4-128,passenger truck,乗客用のトラック,4,vehicle,乗り物,,I know passenger truck.,私は「乗客用のトラック」を知っています。,normal,true
G4-129,pretty pink,きれいなピンク,4,color,色,,I know pretty pink.,私は「きれいなピンク」を知っています。,normal,true
G4-130,long zebra,長いシマウマ,4,animal,動物,,I know long zebra.,私は「長いシマウマ」を知っています。,normal,true
G4-131,long water,長い水,4,food,食べ物,,I know long water.,私は「長い水」を知っています。,normal,true
G4-132,fast family,速い家族,4,family,家族,,I know fast family.,私は「速い家族」を知っています。,normal,true
G4-133,long globe,長い地球儀,4,school,学校,,I know long globe.,私は「長い地球儀」を知っています。,normal,true
G4-134,that Sunday,あの日曜日,4,day_week,曜日,,I know that Sunday.,私は「あの日曜日」を知っています。,normal,true
G4-135,fall cold,秋の寒い,4,weather,天気,,I know fall cold.,私は「秋の寒い」を知っています。,normal,true
G4-136,long back,長い背中,4,body,体,,I know long back.,私は「長い背中」を知っています。,normal,true
G4-137,long mirror,長い鏡,4,house,家の中,,I know long mirror.,私は「長い鏡」を知っています。,normal,true
G4-138,new driver,新しい運転手,4,job,職業,,I know new driver.,私は「新しい運転手」を知っています。,normal,true
G4-139,on Monday thirsty,月曜日にのどが渇いた,4,feeling,気持ち,,I know on Monday thirsty.,私は「月曜日にのどが渇いた」を知っています。,normal,true
G4-140,long plan,長い計画,4,daily_life,日常生活,,I know long plan.,私は「長い計画」を知っています。,normal,true
G4-141,fast plum,速いすもも,4,fruit,果物,,I know fast plum.,私は「速いすもも」を知っています。,normal,true
G4-142,cargo truck,荷物用のトラック,4,vehicle,乗り物,,I know cargo truck.,私は「荷物用のトラック」を知っています。,normal,true
G4-143,simple pink,かんたんなピンク,4,color,色,,I know simple pink.,私は「かんたんなピンク」を知っています。,normal,true
G4-144,long kangaroo,長いカンガルー,4,animal,動物,,I know long kangaroo.,私は「長いカンガルー」を知っています。,normal,true
G4-145,long juice,長いジュース,4,food,食べ物,,I know long juice.,私は「長いジュース」を知っています。,normal,true
G4-146,fast daughter,速い娘,4,family,家族,,I know fast daughter.,私は「速い娘」を知っています。,normal,true
G4-147,long library,長い図書館,4,school,学校,,I know long library.,私は「長い図書館」を知っています。,normal,true
G4-148,my today,私の今日,4,day_week,曜日,,I know my today.,私は「私の今日」を知っています。,normal,true
G4-149,winter cold,冬の寒い,4,weather,天気,,I know winter cold.,私は「冬の寒い」を知っています。,normal,true
G4-150,long stomach,長いおなか,4,body,体,,I know long stomach.,私は「長いおなか」を知っています。,normal,true
G4-151,long shelf,長い棚,4,house,家の中,,I know long shelf.,私は「長い棚」を知っています。,normal,true
G4-152,famous driver,有名な運転手,4,job,職業,,I know famous driver.,私は「有名な運転手」を知っています。,normal,true
G4-153,in the morning thirsty,朝にのどが渇いた,4,feeling,気持ち,,I know in the morning thirsty.,私は「朝にのどが渇いた」を知っています。,normal,true
G4-154,long rule,長いルール,4,daily_life,日常生活,,I know long rule.,私は「長いルール」を知っています。,normal,true
G4-155,fast fig,速いいちじく,4,fruit,果物,,I know fast fig.,私は「速いいちじく」を知っています。,normal,true
G4-156,rescue truck,救助用のトラック,4,vehicle,乗り物,,I know rescue truck.,私は「救助用のトラック」を知っています。,normal,true
G4-157,new pink,新しいピンク,4,color,色,,I know new pink.,私は「新しいピンク」を知っています。,normal,true
G4-158,long koala,長いコアラ,4,animal,動物,,I know long koala.,私は「長いコアラ」を知っています。,normal,true
G4-159,long yogurt,長いヨーグルト,4,food,食べ物,,I know long yogurt.,私は「長いヨーグルト」を知っています。,normal,true
G4-160,fast son,速い息子,4,family,家族,,I know fast son.,私は「速い息子」を知っています。,normal,true
G4-161,long marker,長いマーカー,4,school,学校,,I know long marker.,私は「長いマーカー」を知っています。,normal,true
G4-162,your today,あなたの今日,4,day_week,曜日,,I know your today.,私は「あなたの今日」を知っています。,normal,true
G4-163,evening is cold,夕方は寒い,4,weather,天気,,I know evening is cold.,私は「夕方は寒い」を知っています。,normal,true
G4-164,long voice,長い声,4,body,体,,I know long voice.,私は「長い声」を知っています。,normal,true
G4-165,long closet,長いクローゼット,4,house,家の中,,I know long closet.,私は「長いクローゼット」を知っています。,normal,true
G4-166,young driver,若い運転手,4,job,職業,,I know young driver.,私は「若い運転手」を知っています。,normal,true
G4-167,at night thirsty,夜にのどが渇いた,4,feeling,気持ち,,I know at night thirsty.,私は「夜にのどが渇いた」を知っています。,normal,true
G4-168,long team,長いチーム,4,daily_life,日常生活,,I know long team.,私は「長いチーム」を知っています。,normal,true
G4-169,slow apple,遅いりんご,4,fruit,果物,,I know slow apple.,私は「遅いりんご」を知っています。,normal,true
G4-170,toy taxi,おもちゃのタクシー,4,vehicle,乗り物,,I know toy taxi.,私は「おもちゃのタクシー」を知っています。,normal,true
G4-171,light purple,明るい紫,4,color,色,,I know light purple.,私は「明るい紫」を知っています。,normal,true
G4-172,short dog,短い犬,4,animal,動物,,I know short dog.,私は「短い犬」を知っています。,normal,true
G4-173,short rice,短いごはん,4,food,食べ物,,I know short rice.,私は「短いごはん」を知っています。,normal,true
G4-174,slow mother,遅い母,4,family,家族,,I know slow mother.,私は「遅い母」を知っています。,normal,true
G4-175,short school,短い学校,4,school,学校,,I know short school.,私は「短い学校」を知っています。,normal,true
G4-176,this today,この今日,4,day_week,曜日,,I know this today.,私は「この今日」を知っています。,normal,true
G4-177,today is warm,今日は暖かい,4,weather,天気,,I know today is warm.,私は「今日は暖かい」を知っています。,normal,true
G4-178,short head,短い頭,4,body,体,,I know short head.,私は「短い頭」を知っています。,normal,true
G4-179,short house,短い家,4,house,家の中,,I know short house.,私は「短い家」を知っています。,normal,true
G4-180,school pilot,学校のパイロット,4,job,職業,,I know school pilot.,私は「学校のパイロット」を知っています。,normal,true
G4-181,very scared,とてもこわい,4,feeling,気持ち,,I know very scared.,私は「とてもこわい」を知っています。,normal,true
G4-182,short friend,短い友だち,4,daily_life,日常生活,,I know short friend.,私は「短い友だち」を知っています。,normal,true
G4-183,slow banana,遅いバナナ,4,fruit,果物,,I know slow banana.,私は「遅いバナナ」を知っています。,normal,true
G4-184,model taxi,模型のタクシー,4,vehicle,乗り物,,I know model taxi.,私は「模型のタクシー」を知っています。,normal,true
G4-185,dark purple,濃い紫,4,color,色,,I know dark purple.,私は「濃い紫」を知っています。,normal,true
G4-186,short cat,短いねこ,4,animal,動物,,I know short cat.,私は「短いねこ」を知っています。,normal,true
G4-187,short bread,短いパン,4,food,食べ物,,I know short bread.,私は「短いパン」を知っています。,normal,true
G4-188,slow father,遅い父,4,family,家族,,I know slow father.,私は「遅い父」を知っています。,normal,true
G4-189,short book,短い本,4,school,学校,,I know short book.,私は「短い本」を知っています。,normal,true
G4-190,that today,あの今日,4,day_week,曜日,,I know that today.,私は「あの今日」を知っています。,normal,true
G4-191,tomorrow is warm,明日は暖かい,4,weather,天気,,I know tomorrow is warm.,私は「明日は暖かい」を知っています。,normal,true
G4-192,short face,短い顔,4,body,体,,I know short face.,私は「短い顔」を知っています。,normal,true
G4-193,short room,短い部屋,4,house,家の中,,I know short room.,私は「短い部屋」を知っています。,normal,true
G4-194,hospital pilot,病院のパイロット,4,job,職業,,I know hospital pilot.,私は「病院のパイロット」を知っています。,normal,true
G4-195,a little scared,少しこわい,4,feeling,気持ち,,I know a little scared.,私は「少しこわい」を知っています。,normal,true
G4-196,short game,短いゲーム,4,daily_life,日常生活,,I know short game.,私は「短いゲーム」を知っています。,normal,true
G4-197,slow orange,遅いオレンジ,4,fruit,果物,,I know slow orange.,私は「遅いオレンジ」を知っています。,normal,true
G4-198,electric taxi,電動のタクシー,4,vehicle,乗り物,,I know electric taxi.,私は「電動のタクシー」を知っています。,normal,true
G4-199,deep purple,深い紫,4,color,色,,I know deep purple.,私は「深い紫」を知っています。,normal,true
G4-200,short bird,短い鳥,4,animal,動物,,I know short bird.,私は「短い鳥」を知っています。,normal,true
G4-201,short milk,短い牛乳,4,food,食べ物,,I know short milk.,私は「短い牛乳」を知っています。,normal,true
G4-202,slow sister,遅い姉妹,4,family,家族,,I know slow sister.,私は「遅い姉妹」を知っています。,normal,true
G4-203,short pencil,短い鉛筆,4,school,学校,,I know short pencil.,私は「短い鉛筆」を知っています。,normal,true
G4-204,my tomorrow,私の明日,4,day_week,曜日,,I know my tomorrow.,私は「私の明日」を知っています。,normal,true
G4-205,morning is warm,朝は暖かい,4,weather,天気,,I know morning is warm.,私は「朝は暖かい」を知っています。,normal,true
G4-206,short eye,短い目,4,body,体,,I know short eye.,私は「短い目」を知っています。,normal,true
G4-207,short kitchen,短い台所,4,house,家の中,,I know short kitchen.,私は「短い台所」を知っています。,normal,true
G4-208,town pilot,町のパイロット,4,job,職業,,I know town pilot.,私は「町のパイロット」を知っています。,normal,true
G4-209,still scared,まだこわい,4,feeling,気持ち,,I know still scared.,私は「まだこわい」を知っています。,normal,true
G4-210,short music,短い音楽,4,daily_life,日常生活,,I know short music.,私は「短い音楽」を知っています。,normal,true
G4-211,slow grape,遅いぶどう,4,fruit,果物,,I know slow grape.,私は「遅いぶどう」を知っています。,normal,true
G4-212,fast taxi,速いタクシー,4,vehicle,乗り物,,I know fast taxi.,私は「速いタクシー」を知っています。,normal,true
G4-213,pale purple,淡い紫,4,color,色,,I know pale purple.,私は「淡い紫」を知っています。,normal,true
G4-214,short fish,短い魚,4,animal,動物,,I know short fish.,私は「短い魚」を知っています。,normal,true
G4-215,short egg,短い卵,4,food,食べ物,,I know short egg.,私は「短い卵」を知っています。,normal,true
G4-216,slow brother,遅い兄弟,4,family,家族,,I know slow brother.,私は「遅い兄弟」を知っています。,normal,true
G4-217,short pen,短いペン,4,school,学校,,I know short pen.,私は「短いペン」を知っています。,normal,true
G4-218,your tomorrow,あなたの明日,4,day_week,曜日,,I know your tomorrow.,私は「あなたの明日」を知っています。,normal,true
G4-219,afternoon is warm,午後は暖かい,4,weather,天気,,I know afternoon is warm.,私は「午後は暖かい」を知っています。,normal,true
G4-220,short ear,短い耳,4,body,体,,I know short ear.,私は「短い耳」を知っています。,normal,true
G4-221,short bedroom,短い寝室,4,house,家の中,,I know short bedroom.,私は「短い寝室」を知っています。,normal,true
G4-222,airport pilot,空港のパイロット,4,job,職業,,I know airport pilot.,私は「空港のパイロット」を知っています。,normal,true
G4-223,really scared,本当にこわい,4,feeling,気持ち,,I know really scared.,私は「本当にこわい」を知っています。,normal,true
G4-224,short sport,短いスポーツ,4,daily_life,日常生活,,I know short sport.,私は「短いスポーツ」を知っています。,normal,true
G4-225,slow melon,遅いメロン,4,fruit,果物,,I know slow melon.,私は「遅いメロン」を知っています。,normal,true
G4-226,slow taxi,ゆっくりのタクシー,4,vehicle,乗り物,,I know slow taxi.,私は「ゆっくりのタクシー」を知っています。,normal,true
G4-227,soft purple,やわらかい紫,4,color,色,,I know soft purple.,私は「やわらかい紫」を知っています。,normal,true
G4-228,short rabbit,短いうさぎ,4,animal,動物,,I know short rabbit.,私は「短いうさぎ」を知っています。,normal,true
G4-229,short cheese,短いチーズ,4,food,食べ物,,I know short cheese.,私は「短いチーズ」を知っています。,normal,true
G4-230,slow grandmother,遅い祖母,4,family,家族,,I know slow grandmother.,私は「遅い祖母」を知っています。,normal,true
G4-231,short eraser,短い消しゴム,4,school,学校,,I know short eraser.,私は「短い消しゴム」を知っています。,normal,true
G4-232,this tomorrow,この明日,4,day_week,曜日,,I know this tomorrow.,私は「この明日」を知っています。,normal,true
G4-233,weekend is warm,週末は暖かい,4,weather,天気,,I know weekend is warm.,私は「週末は暖かい」を知っています。,normal,true
G4-234,short nose,短い鼻,4,body,体,,I know short nose.,私は「短い鼻」を知っています。,normal,true
G4-235,short bathroom,短い浴室,4,house,家の中,,I know short bathroom.,私は「短い浴室」を知っています。,normal,true
G4-236,station pilot,駅のパイロット,4,job,職業,,I know station pilot.,私は「駅のパイロット」を知っています。,normal,true
G4-237,sometimes scared,時々こわい,4,feeling,気持ち,,I know sometimes scared.,私は「時々こわい」を知っています。,normal,true
G4-238,short club,短いクラブ,4,daily_life,日常生活,,I know short club.,私は「短いクラブ」を知っています。,normal,true
G4-239,slow peach,遅いもも,4,fruit,果物,,I know slow peach.,私は「遅いもも」を知っています。,normal,true
G4-240,safe taxi,安全なタクシー,4,vehicle,乗り物,,I know safe taxi.,私は「安全なタクシー」を知っています。,normal,true
G4-241,bright purple,鮮やかな紫,4,color,色,,I know bright purple.,私は「鮮やかな紫」を知っています。,normal,true
G4-242,short horse,短い馬,4,animal,動物,,I know short horse.,私は「短い馬」を知っています。,normal,true
G4-243,short meat,短い肉,4,food,食べ物,,I know short meat.,私は「短い肉」を知っています。,normal,true
G4-244,slow grandfather,遅い祖父,4,family,家族,,I know slow grandfather.,私は「遅い祖父」を知っています。,normal,true
G4-245,short ruler,短いものさし,4,school,学校,,I know short ruler.,私は「短いものさし」を知っています。,normal,true
G4-246,that tomorrow,あの明日,4,day_week,曜日,,I know that tomorrow.,私は「あの明日」を知っています。,normal,true
G4-247,this week is warm,今週は暖かい,4,weather,天気,,I know this week is warm.,私は「今週は暖かい」を知っています。,normal,true
G4-248,short mouth,短い口,4,body,体,,I know short mouth.,私は「短い口」を知っています。,normal,true
G4-249,short door,短いドア,4,house,家の中,,I know short door.,私は「短いドア」を知っています。,normal,true
G4-250,zoo pilot,動物園のパイロット,4,job,職業,,I know zoo pilot.,私は「動物園のパイロット」を知っています。,normal,true
G4-251,today scared,今日はこわい,4,feeling,気持ち,,I know today scared.,私は「今日はこわい」を知っています。,normal,true
G4-252,short birthday,短い誕生日,4,daily_life,日常生活,,I know short birthday.,私は「短い誕生日」を知っています。,normal,true
G4-253,slow pear,遅いなし,4,fruit,果物,,I know slow pear.,私は「遅いなし」を知っています。,normal,true
G4-254,new taxi,新しいタクシー,4,vehicle,乗り物,,I know new taxi.,私は「新しいタクシー」を知っています。,normal,true
G4-255,clear purple,はっきりした紫,4,color,色,,I know clear purple.,私は「はっきりした紫」を知っています。,normal,true
G4-256,short cow,短い牛,4,animal,動物,,I know short cow.,私は「短い牛」を知っています。,normal,true
G4-257,short chicken,短い鶏肉,4,food,食べ物,,I know short chicken.,私は「短い鶏肉」を知っています。,normal,true
G4-258,slow aunt,遅いおば,4,family,家族,,I know slow aunt.,私は「遅いおば」を知っています。,normal,true
G4-259,short notebook,短いノート,4,school,学校,,I know short notebook.,私は「短いノート」を知っています。,normal,true
G4-260,my yesterday,私の昨日,4,day_week,曜日,,I know my yesterday.,私は「私の昨日」を知っています。,normal,true
G4-261,next week is warm,来週は暖かい,4,weather,天気,,I know next week is warm.,私は「来週は暖かい」を知っています。,normal,true
G4-262,short tooth,短い歯,4,body,体,,I know short tooth.,私は「短い歯」を知っています。,normal,true
G4-263,short window,短い窓,4,house,家の中,,I know short window.,私は「短い窓」を知っています。,normal,true
G4-264,museum pilot,博物館のパイロット,4,job,職業,,I know museum pilot.,私は「博物館のパイロット」を知っています。,normal,true
G4-265,now scared,今こわい,4,feeling,気持ち,,I know now scared.,私は「今こわい」を知っています。,normal,true
G4-266,short holiday,短い休日,4,daily_life,日常生活,,I know short holiday.,私は「短い休日」を知っています。,normal,true
G4-267,slow lemon,遅いレモン,4,fruit,果物,,I know slow lemon.,私は「遅いレモン」を知っています。,normal,true
G4-268,old taxi,古いタクシー,4,vehicle,乗り物,,I know old taxi.,私は「古いタクシー」を知っています。,normal,true
G4-269,warm purple,暖かい紫,4,color,色,,I know warm purple.,私は「暖かい紫」を知っています。,normal,true
G4-270,short pig,短いぶた,4,animal,動物,,I know short pig.,私は「短いぶた」を知っています。,normal,true
G4-271,short fish,短い魚,4,food,食べ物,,I know short fish.,私は「短い魚」を知っています。,normal,true
G4-272,slow uncle,遅いおじ,4,family,家族,,I know slow uncle.,私は「遅いおじ」を知っています。,normal,true
G4-273,short desk,短い机,4,school,学校,,I know short desk.,私は「短い机」を知っています。,normal,true
G4-274,your yesterday,あなたの昨日,4,day_week,曜日,,I know your yesterday.,私は「あなたの昨日」を知っています。,normal,true
G4-275,school day is warm,学校の日は暖かい,4,weather,天気,,I know school day is warm.,私は「学校の日は暖かい」を知っています。,normal,true
G4-276,short hand,短い手,4,body,体,,I know short hand.,私は「短い手」を知っています。,normal,true
G4-277,short floor,短い床,4,house,家の中,,I know short floor.,私は「短い床」を知っています。,normal,true
G4-278,restaurant pilot,レストランのパイロット,4,job,職業,,I know restaurant pilot.,私は「レストランのパイロット」を知っています。,normal,true
G4-279,after class scared,授業の後でこわい,4,feeling,気持ち,,I know after class scared.,私は「授業の後でこわい」を知っています。,normal,true
G4-280,short money,短いお金,4,daily_life,日常生活,,I know short money.,私は「短いお金」を知っています。,normal,true
G4-281,slow cherry,遅いさくらんぼ,4,fruit,果物,,I know slow cherry.,私は「遅いさくらんぼ」を知っています。,normal,true
G4-282,small taxi,小型のタクシー,4,vehicle,乗り物,,I know small taxi.,私は「小型のタクシー」を知っています。,normal,true
G4-283,cool purple,涼しげな紫,4,color,色,,I know cool purple.,私は「涼しげな紫」を知っています。,normal,true
G4-284,short sheep,短い羊,4,animal,動物,,I know short sheep.,私は「短い羊」を知っています。,normal,true
G4-285,short soup,短いスープ,4,food,食べ物,,I know short soup.,私は「短いスープ」を知っています。,normal,true
G4-286,slow cousin,遅いいとこ,4,family,家族,,I know slow cousin.,私は「遅いいとこ」を知っています。,normal,true
G4-287,short chair,短いいす,4,school,学校,,I know short chair.,私は「短いいす」を知っています。,normal,true
G4-288,this yesterday,この昨日,4,day_week,曜日,,I know this yesterday.,私は「この昨日」を知っています。,normal,true
G4-289,holiday is warm,休日は暖かい,4,weather,天気,,I know holiday is warm.,私は「休日は暖かい」を知っています。,normal,true
G4-290,short finger,短い指,4,body,体,,I know short finger.,私は「短い指」を知っています。,normal,true
G4-291,short wall,短い壁,4,house,家の中,,I know short wall.,私は「短い壁」を知っています。,normal,true
G4-292,farm pilot,農場のパイロット,4,job,職業,,I know farm pilot.,私は「農場のパイロット」を知っています。,normal,true
G4-293,before test scared,テスト前にこわい,4,feeling,気持ち,,I know before test scared.,私は「テスト前にこわい」を知っています。,normal,true
G4-294,short ticket,短い切符,4,daily_life,日常生活,,I know short ticket.,私は「短い切符」を知っています。,normal,true
G4-295,slow strawberry,遅いいちご,4,fruit,果物,,I know slow strawberry.,私は「遅いいちご」を知っています。,normal,true
G4-296,large taxi,大型のタクシー,4,vehicle,乗り物,,I know large taxi.,私は「大型のタクシー」を知っています。,normal,true
G4-297,favorite purple,好きな紫,4,color,色,,I know favorite purple.,私は「好きな紫」を知っています。,normal,true
G4-298,short goat,短いやぎ,4,animal,動物,,I know short goat.,私は「短いやぎ」を知っています。,normal,true
G4-299,short salad,短いサラダ,4,food,食べ物,,I know short salad.,私は「短いサラダ」を知っています。,normal,true
G4-300,slow baby,遅い赤ちゃん,4,family,家族,,I know slow baby.,私は「遅い赤ちゃん」を知っています。,normal,true
G4-301,short classroom,短い教室,4,school,学校,,I know short classroom.,私は「短い教室」を知っています。,normal,true
G4-302,that yesterday,あの昨日,4,day_week,曜日,,I know that yesterday.,私は「あの昨日」を知っています。,normal,true
G4-303,outside is warm,外は暖かい,4,weather,天気,,I know outside is warm.,私は「外は暖かい」を知っています。,normal,true
G4-304,short arm,短い腕,4,body,体,,I know short arm.,私は「短い腕」を知っています。,normal,true
G4-305,short roof,短い屋根,4,house,家の中,,I know short roof.,私は「短い屋根」を知っています。,normal,true
G4-306,library pilot,図書館のパイロット,4,job,職業,,I know library pilot.,私は「図書館のパイロット」を知っています。,normal,true
G4-307,with friends scared,友だちといてこわい,4,feeling,気持ち,,I know with friends scared.,私は「友だちといてこわい」を知っています。,normal,true
G4-308,short phone,短い電話,4,daily_life,日常生活,,I know short phone.,私は「短い電話」を知っています。,normal,true
G4-309,slow pineapple,遅いパイナップル,4,fruit,果物,,I know slow pineapple.,私は「遅いパイナップル」を知っています。,normal,true
G4-310,long taxi,長いタクシー,4,vehicle,乗り物,,I know long taxi.,私は「長いタクシー」を知っています。,normal,true
G4-311,school purple,学校で使う紫,4,color,色,,I know school purple.,私は「学校で使う紫」を知っています。,normal,true
G4-312,short lion,短いライオン,4,animal,動物,,I know short lion.,私は「短いライオン」を知っています。,normal,true
G4-313,short cake,短いケーキ,4,food,食べ物,,I know short cake.,私は「短いケーキ」を知っています。,normal,true
G4-314,slow parent,遅い親,4,family,家族,,I know slow parent.,私は「遅い親」を知っています。,normal,true
G4-315,short teacher,短い先生,4,school,学校,,I know short teacher.,私は「短い先生」を知っています。,normal,true
G4-316,my morning,私の朝,4,day_week,曜日,,I know my morning.,私は「私の朝」を知っています。,normal,true
G4-317,spring warm,春の暖かい,4,weather,天気,,I know spring warm.,私は「春の暖かい」を知っています。,normal,true
G4-318,short leg,短い脚,4,body,体,,I know short leg.,私は「短い脚」を知っています。,normal,true
G4-319,short bed,短いベッド,4,house,家の中,,I know short bed.,私は「短いベッド」を知っています。,normal,true
G4-320,kind pilot,親切なパイロット,4,job,職業,,I know kind pilot.,私は「親切なパイロット」を知っています。,normal,true
G4-321,at school scared,学校でこわい,4,feeling,気持ち,,I know at school scared.,私は「学校でこわい」を知っています。,normal,true
G4-322,short photo,短い写真,4,daily_life,日常生活,,I know short photo.,私は「短い写真」を知っています。,normal,true
G4-323,slow kiwi,遅いキウイ,4,fruit,果物,,I know slow kiwi.,私は「遅いキウイ」を知っています。,normal,true
G4-324,short taxi,短いタクシー,4,vehicle,乗り物,,I know short taxi.,私は「短いタクシー」を知っています。,normal,true
G4-325,basic purple,基本の紫,4,color,色,,I know basic purple.,私は「基本の紫」を知っています。,normal,true
G4-326,short tiger,短いトラ,4,animal,動物,,I know short tiger.,私は「短いトラ」を知っています。,normal,true
G4-327,short cookie,短いクッキー,4,food,食べ物,,I know short cookie.,私は「短いクッキー」を知っています。,normal,true
G4-328,slow child,遅い子ども,4,family,家族,,I know slow child.,私は「遅い子ども」を知っています。,normal,true
G4-329,short student,短い生徒,4,school,学校,,I know short student.,私は「短い生徒」を知っています。,normal,true
G4-330,your morning,あなたの朝,4,day_week,曜日,,I know your morning.,私は「あなたの朝」を知っています。,normal,true
G4-331,summer warm,夏の暖かい,4,weather,天気,,I know summer warm.,私は「夏の暖かい」を知っています。,normal,true
G4-332,short foot,短い足,4,body,体,,I know short foot.,私は「短い足」を知っています。,normal,true
G4-333,short table,短いテーブル,4,house,家の中,,I know short table.,私は「短いテーブル」を知っています。,normal,true
G4-334,busy pilot,忙しいパイロット,4,job,職業,,I know busy pilot.,私は「忙しいパイロット」を知っています。,normal,true
G4-335,at home scared,家でこわい,4,feeling,気持ち,,I know at home scared.,私は「家でこわい」を知っています。,normal,true
G4-336,short letter,短い手紙,4,daily_life,日常生活,,I know short letter.,私は「短い手紙」を知っています。,normal,true
G4-337,slow mango,遅いマンゴー,4,fruit,果物,,I know slow mango.,私は「遅いマンゴー」を知っています。,normal,true
G4-338,passenger taxi,乗客用のタクシー,4,vehicle,乗り物,,I know passenger taxi.,私は「乗客用のタクシー」を知っています。,normal,true
G4-339,pretty purple,きれいな紫,4,color,色,,I know pretty purple.,私は「きれいな紫」を知っています。,normal,true
G4-340,short bear,短いくま,4,animal,動物,,I know short bear.,私は「短いくま」を知っています。,normal,true
G4-341,short pizza,短いピザ,4,food,食べ物,,I know short pizza.,私は「短いピザ」を知っています。,normal,true
G4-342,slow family,遅い家族,4,family,家族,,I know slow family.,私は「遅い家族」を知っています。,normal,true
G4-343,short homework,短い宿題,4,school,学校,,I know short homework.,私は「短い宿題」を知っています。,normal,true
G4-344,this morning,この朝,4,day_week,曜日,,I know this morning.,私は「この朝」を知っています。,normal,true
G4-345,fall warm,秋の暖かい,4,weather,天気,,I know fall warm.,私は「秋の暖かい」を知っています。,normal,true
G4-346,short shoulder,短い肩,4,body,体,,I know short shoulder.,私は「短い肩」を知っています。,normal,true
G4-347,short sofa,短いソファ,4,house,家の中,,I know short sofa.,私は「短いソファ」を知っています。,normal,true
G4-348,new pilot,新しいパイロット,4,job,職業,,I know new pilot.,私は「新しいパイロット」を知っています。,normal,true
G4-349,on Monday scared,月曜日にこわい,4,feeling,気持ち,,I know on Monday scared.,私は「月曜日にこわい」を知っています。,normal,true
G4-350,short bag,短いかばん,4,daily_life,日常生活,,I know short bag.,私は「短いかばん」を知っています。,normal,true
G4-351,slow plum,遅いすもも,4,fruit,果物,,I know slow plum.,私は「遅いすもも」を知っています。,normal,true
G4-352,cargo taxi,荷物用のタクシー,4,vehicle,乗り物,,I know cargo taxi.,私は「荷物用のタクシー」を知っています。,normal,true
G4-353,simple purple,かんたんな紫,4,color,色,,I know simple purple.,私は「かんたんな紫」を知っています。,normal,true
G4-354,short monkey,短いさる,4,animal,動物,,I know short monkey.,私は「短いさる」を知っています。,normal,true
G4-355,short noodle,短いめん,4,food,食べ物,,I know short noodle.,私は「短いめん」を知っています。,normal,true
G4-356,slow daughter,遅い娘,4,family,家族,,I know slow daughter.,私は「遅い娘」を知っています。,normal,true
G4-357,short question,短い質問,4,school,学校,,I know short question.,私は「短い質問」を知っています。,normal,true
G4-358,that morning,あの朝,4,day_week,曜日,,I know that morning.,私は「あの朝」を知っています。,normal,true
G4-359,winter warm,冬の暖かい,4,weather,天気,,I know winter warm.,私は「冬の暖かい」を知っています。,normal,true
G4-360,short knee,短いひざ,4,body,体,,I know short knee.,私は「短いひざ」を知っています。,normal,true
G4-361,short lamp,短いランプ,4,house,家の中,,I know short lamp.,私は「短いランプ」を知っています。,normal,true
G4-362,famous pilot,有名なパイロット,4,job,職業,,I know famous pilot.,私は「有名なパイロット」を知っています。,normal,true
G4-363,in the morning scared,朝にこわい,4,feeling,気持ち,,I know in the morning scared.,私は「朝にこわい」を知っています。,normal,true
G4-364,short umbrella,短い傘,4,daily_life,日常生活,,I know short umbrella.,私は「短い傘」を知っています。,normal,true
G4-365,slow fig,遅いいちじく,4,fruit,果物,,I know slow fig.,私は「遅いいちじく」を知っています。,normal,true
G4-366,rescue taxi,救助用のタクシー,4,vehicle,乗り物,,I know rescue taxi.,私は「救助用のタクシー」を知っています。,normal,true
G4-367,new purple,新しい紫,4,color,色,,I know new purple.,私は「新しい紫」を知っています。,normal,true
G4-368,short panda,短いパンダ,4,animal,動物,,I know short panda.,私は「短いパンダ」を知っています。,normal,true
G4-369,short sandwich,短いサンドイッチ,4,food,食べ物,,I know short sandwich.,私は「短いサンドイッチ」を知っています。,normal,true
G4-370,slow son,遅い息子,4,family,家族,,I know slow son.,私は「遅い息子」を知っています。,normal,true
G4-371,short lesson,短い授業,4,school,学校,,I know short lesson.,私は「短い授業」を知っています。,normal,true
G4-372,my afternoon,私の午後,4,day_week,曜日,,I know my afternoon.,私は「私の午後」を知っています。,normal,true
G4-373,evening is warm,夕方は暖かい,4,weather,天気,,I know evening is warm.,私は「夕方は暖かい」を知っています。,normal,true
G4-374,short heart,短い心臓,4,body,体,,I know short heart.,私は「短い心臓」を知っています。,normal,true
G4-375,short clock,短い時計,4,house,家の中,,I know short clock.,私は「短い時計」を知っています。,normal,true
G4-376,young pilot,若いパイロット,4,job,職業,,I know young pilot.,私は「若いパイロット」を知っています。,normal,true
G4-377,at night scared,夜にこわい,4,feeling,気持ち,,I know at night scared.,私は「夜にこわい」を知っています。,normal,true
G4-378,short key,短い鍵,4,daily_life,日常生活,,I know short key.,私は「短い鍵」を知っています。,normal,true
G4-379,good apple,よいりんご,4,fruit,果物,,I know good apple.,私は「よいりんご」を知っています。,normal,true
G4-380,toy boat,おもちゃのボート,4,vehicle,乗り物,,I know toy boat.,私は「おもちゃのボート」を知っています。,normal,true
G4-381,light brown,明るい茶色,4,color,色,,I know light brown.,私は「明るい茶色」を知っています。,normal,true
G4-382,short elephant,短いぞう,4,animal,動物,,I know short elephant.,私は「短いぞう」を知っています。,normal,true
G4-383,short curry,短いカレー,4,food,食べ物,,I know short curry.,私は「短いカレー」を知っています。,normal,true
G4-384,good mother,よい母,4,family,家族,,I know good mother.,私は「よい母」を知っています。,normal,true
G4-385,short test,短いテスト,4,school,学校,,I know short test.,私は「短いテスト」を知っています。,normal,true
G4-386,your afternoon,あなたの午後,4,day_week,曜日,,I know your afternoon.,私は「あなたの午後」を知っています。,normal,true
G4-387,today is cool,今日は涼しい,4,weather,天気,,I know today is cool.,私は「今日は涼しい」を知っています。,normal,true
G4-388,short hair,短い髪,4,body,体,,I know short hair.,私は「短い髪」を知っています。,normal,true
G4-389,short garden,短い庭,4,house,家の中,,I know short garden.,私は「短い庭」を知っています。,normal,true
G4-390,school cook,学校の料理人,4,job,職業,,I know school cook.,私は「学校の料理人」を知っています。,normal,true
G4-391,very excited,とてもわくわくした,4,feeling,気持ち,,I know very excited.,私は「とてもわくわくした」を知っています。,normal,true
G4-392,short future,短い未来,4,daily_life,日常生活,,I know short future.,私は「短い未来」を知っています。,normal,true
G4-393,good banana,よいバナナ,4,fruit,果物,,I know good banana.,私は「よいバナナ」を知っています。,normal,true
G4-394,model boat,模型のボート,4,vehicle,乗り物,,I know model boat.,私は「模型のボート」を知っています。,normal,true
G4-395,dark brown,濃い茶色,4,color,色,,I know dark brown.,私は「濃い茶色」を知っています。,normal,true
G4-396,short giraffe,短いキリン,4,animal,動物,,I know short giraffe.,私は「短いキリン」を知っています。,normal,true
G4-397,short tea,短いお茶,4,food,食べ物,,I know short tea.,私は「短いお茶」を知っています。,normal,true
G4-398,good father,よい父,4,family,家族,,I know good father.,私は「よい父」を知っています。,normal,true
G4-399,short map,短い地図,4,school,学校,,I know short map.,私は「短い地図」を知っています。,normal,true
G4-400,this afternoon,この午後,4,day_week,曜日,,I know this afternoon.,私は「この午後」を知っています。,normal,true
G4-401,tomorrow is cool,明日は涼しい,4,weather,天気,,I know tomorrow is cool.,私は「明日は涼しい」を知っています。,normal,true
G4-402,short neck,短い首,4,body,体,,I know short neck.,私は「短い首」を知っています。,normal,true
G4-403,short stairs,短い階段,4,house,家の中,,I know short stairs.,私は「短い階段」を知っています。,normal,true
G4-404,hospital cook,病院の料理人,4,job,職業,,I know hospital cook.,私は「病院の料理人」を知っています。,normal,true
G4-405,a little excited,少しわくわくした,4,feeling,気持ち,,I know a little excited.,私は「少しわくわくした」を知っています。,normal,true
G4-406,short dream,短い夢,4,daily_life,日常生活,,I know short dream.,私は「短い夢」を知っています。,normal,true
G4-407,good orange,よいオレンジ,4,fruit,果物,,I know good orange.,私は「よいオレンジ」を知っています。,normal,true
G4-408,electric boat,電動のボート,4,vehicle,乗り物,,I know electric boat.,私は「電動のボート」を知っています。,normal,true
G4-409,deep brown,深い茶色,4,color,色,,I know deep brown.,私は「深い茶色」を知っています。,normal,true
G4-410,short zebra,短いシマウマ,4,animal,動物,,I know short zebra.,私は「短いシマウマ」を知っています。,normal,true
G4-411,short water,短い水,4,food,食べ物,,I know short water.,私は「短い水」を知っています。,normal,true
G4-412,good sister,よい姉妹,4,family,家族,,I know good sister.,私は「よい姉妹」を知っています。,normal,true
G4-413,short globe,短い地球儀,4,school,学校,,I know short globe.,私は「短い地球儀」を知っています。,normal,true
G4-414,that afternoon,あの午後,4,day_week,曜日,,I know that afternoon.,私は「あの午後」を知っています。,normal,true
G4-415,morning is cool,朝は涼しい,4,weather,天気,,I know morning is cool.,私は「朝は涼しい」を知っています。,normal,true
G4-416,short back,短い背中,4,body,体,,I know short back.,私は「短い背中」を知っています。,normal,true
G4-417,short mirror,短い鏡,4,house,家の中,,I know short mirror.,私は「短い鏡」を知っています。,normal,true
G4-418,town cook,町の料理人,4,job,職業,,I know town cook.,私は「町の料理人」を知っています。,normal,true
G4-419,still excited,まだわくわくした,4,feeling,気持ち,,I know still excited.,私は「まだわくわくした」を知っています。,normal,true
G4-420,short plan,短い計画,4,daily_life,日常生活,,I know short plan.,私は「短い計画」を知っています。,normal,true
G4-421,good grape,よいぶどう,4,fruit,果物,,I know good grape.,私は「よいぶどう」を知っています。,normal,true
G4-422,fast boat,速いボート,4,vehicle,乗り物,,I know fast boat.,私は「速いボート」を知っています。,normal,true
G4-423,pale brown,淡い茶色,4,color,色,,I know pale brown.,私は「淡い茶色」を知っています。,normal,true
G4-424,short kangaroo,短いカンガルー,4,animal,動物,,I know short kangaroo.,私は「短いカンガルー」を知っています。,normal,true
G4-425,short juice,短いジュース,4,food,食べ物,,I know short juice.,私は「短いジュース」を知っています。,normal,true
G4-426,good brother,よい兄弟,4,family,家族,,I know good brother.,私は「よい兄弟」を知っています。,normal,true
G4-427,short library,短い図書館,4,school,学校,,I know short library.,私は「短い図書館」を知っています。,normal,true
G4-428,my evening,私の夕方,4,day_week,曜日,,I know my evening.,私は「私の夕方」を知っています。,normal,true
G4-429,afternoon is cool,午後は涼しい,4,weather,天気,,I know afternoon is cool.,私は「午後は涼しい」を知っています。,normal,true
G4-430,short stomach,短いおなか,4,body,体,,I know short stomach.,私は「短いおなか」を知っています。,normal,true
G4-431,short shelf,短い棚,4,house,家の中,,I know short shelf.,私は「短い棚」を知っています。,normal,true
G4-432,airport cook,空港の料理人,4,job,職業,,I know airport cook.,私は「空港の料理人」を知っています。,normal,true
G4-433,really excited,本当にわくわくした,4,feeling,気持ち,,I know really excited.,私は「本当にわくわくした」を知っています。,normal,true
G4-434,short rule,短いルール,4,daily_life,日常生活,,I know short rule.,私は「短いルール」を知っています。,normal,true
G4-435,good melon,よいメロン,4,fruit,果物,,I know good melon.,私は「よいメロン」を知っています。,normal,true
G4-436,slow boat,ゆっくりのボート,4,vehicle,乗り物,,I know slow boat.,私は「ゆっくりのボート」を知っています。,normal,true
G4-437,soft brown,やわらかい茶色,4,color,色,,I know soft brown.,私は「やわらかい茶色」を知っています。,normal,true
G4-438,short koala,短いコアラ,4,animal,動物,,I know short koala.,私は「短いコアラ」を知っています。,normal,true
G4-439,short yogurt,短いヨーグルト,4,food,食べ物,,I know short yogurt.,私は「短いヨーグルト」を知っています。,normal,true
G4-440,good grandmother,よい祖母,4,family,家族,,I know good grandmother.,私は「よい祖母」を知っています。,normal,true
G4-441,short marker,短いマーカー,4,school,学校,,I know short marker.,私は「短いマーカー」を知っています。,normal,true
G4-442,your evening,あなたの夕方,4,day_week,曜日,,I know your evening.,私は「あなたの夕方」を知っています。,normal,true
G4-443,weekend is cool,週末は涼しい,4,weather,天気,,I know weekend is cool.,私は「週末は涼しい」を知っています。,normal,true
G4-444,short voice,短い声,4,body,体,,I know short voice.,私は「短い声」を知っています。,normal,true
G4-445,short closet,短いクローゼット,4,house,家の中,,I know short closet.,私は「短いクローゼット」を知っています。,normal,true
G4-446,station cook,駅の料理人,4,job,職業,,I know station cook.,私は「駅の料理人」を知っています。,normal,true
G4-447,sometimes excited,時々わくわくした,4,feeling,気持ち,,I know sometimes excited.,私は「時々わくわくした」を知っています。,normal,true
G4-448,short team,短いチーム,4,daily_life,日常生活,,I know short team.,私は「短いチーム」を知っています。,normal,true
G4-449,good peach,よいもも,4,fruit,果物,,I know good peach.,私は「よいもも」を知っています。,normal,true
G4-450,safe boat,安全なボート,4,vehicle,乗り物,,I know safe boat.,私は「安全なボート」を知っています。,normal,true
G4-451,bright brown,鮮やかな茶色,4,color,色,,I know bright brown.,私は「鮮やかな茶色」を知っています。,normal,true
G4-452,fast dog,速い犬,4,animal,動物,,I know fast dog.,私は「速い犬」を知っています。,normal,true
G4-453,fast rice,速いごはん,4,food,食べ物,,I know fast rice.,私は「速いごはん」を知っています。,normal,true
G4-454,good grandfather,よい祖父,4,family,家族,,I know good grandfather.,私は「よい祖父」を知っています。,normal,true
G4-455,fast school,速い学校,4,school,学校,,I know fast school.,私は「速い学校」を知っています。,normal,true
G4-456,this evening,この夕方,4,day_week,曜日,,I know this evening.,私は「この夕方」を知っています。,normal,true
G4-457,this week is cool,今週は涼しい,4,weather,天気,,I know this week is cool.,私は「今週は涼しい」を知っています。,normal,true
G4-458,fast head,速い頭,4,body,体,,I know fast head.,私は「速い頭」を知っています。,normal,true
G4-459,fast house,速い家,4,house,家の中,,I know fast house.,私は「速い家」を知っています。,normal,true
G4-460,zoo cook,動物園の料理人,4,job,職業,,I know zoo cook.,私は「動物園の料理人」を知っています。,normal,true
G4-461,today excited,今日はわくわくした,4,feeling,気持ち,,I know today excited.,私は「今日はわくわくした」を知っています。,normal,true
G4-462,fast friend,速い友だち,4,daily_life,日常生活,,I know fast friend.,私は「速い友だち」を知っています。,normal,true
G4-463,good pear,よいなし,4,fruit,果物,,I know good pear.,私は「よいなし」を知っています。,normal,true
G4-464,new boat,新しいボート,4,vehicle,乗り物,,I know new boat.,私は「新しいボート」を知っています。,normal,true
G4-465,clear brown,はっきりした茶色,4,color,色,,I know clear brown.,私は「はっきりした茶色」を知っています。,normal,true
G4-466,fast cat,速いねこ,4,animal,動物,,I know fast cat.,私は「速いねこ」を知っています。,normal,true
G4-467,fast bread,速いパン,4,food,食べ物,,I know fast bread.,私は「速いパン」を知っています。,normal,true
G4-468,good aunt,よいおば,4,family,家族,,I know good aunt.,私は「よいおば」を知っています。,normal,true
G4-469,fast book,速い本,4,school,学校,,I know fast book.,私は「速い本」を知っています。,normal,true
G4-470,that evening,あの夕方,4,day_week,曜日,,I know that evening.,私は「あの夕方」を知っています。,normal,true
G4-471,next week is cool,来週は涼しい,4,weather,天気,,I know next week is cool.,私は「来週は涼しい」を知っています。,normal,true
G4-472,fast face,速い顔,4,body,体,,I know fast face.,私は「速い顔」を知っています。,normal,true
G4-473,fast room,速い部屋,4,house,家の中,,I know fast room.,私は「速い部屋」を知っています。,normal,true
G4-474,museum cook,博物館の料理人,4,job,職業,,I know museum cook.,私は「博物館の料理人」を知っています。,normal,true
G4-475,now excited,今わくわくした,4,feeling,気持ち,,I know now excited.,私は「今わくわくした」を知っています。,normal,true
G4-476,fast game,速いゲーム,4,daily_life,日常生活,,I know fast game.,私は「速いゲーム」を知っています。,normal,true
G4-477,good lemon,よいレモン,4,fruit,果物,,I know good lemon.,私は「よいレモン」を知っています。,normal,true
G4-478,old boat,古いボート,4,vehicle,乗り物,,I know old boat.,私は「古いボート」を知っています。,normal,true
G4-479,warm brown,暖かい茶色,4,color,色,,I know warm brown.,私は「暖かい茶色」を知っています。,normal,true
G4-480,fast bird,速い鳥,4,animal,動物,,I know fast bird.,私は「速い鳥」を知っています。,normal,true
G4-481,fast milk,速い牛乳,4,food,食べ物,,I know fast milk.,私は「速い牛乳」を知っています。,normal,true
G4-482,good uncle,よいおじ,4,family,家族,,I know good uncle.,私は「よいおじ」を知っています。,normal,true
G4-483,fast pencil,速い鉛筆,4,school,学校,,I know fast pencil.,私は「速い鉛筆」を知っています。,normal,true
G4-484,my night,私の夜,4,day_week,曜日,,I know my night.,私は「私の夜」を知っています。,normal,true
G4-485,school day is cool,学校の日は涼しい,4,weather,天気,,I know school day is cool.,私は「学校の日は涼しい」を知っています。,normal,true
G4-486,fast eye,速い目,4,body,体,,I know fast eye.,私は「速い目」を知っています。,normal,true
G4-487,fast kitchen,速い台所,4,house,家の中,,I know fast kitchen.,私は「速い台所」を知っています。,normal,true
G4-488,restaurant cook,レストランの料理人,4,job,職業,,I know restaurant cook.,私は「レストランの料理人」を知っています。,normal,true
G4-489,after class excited,授業の後でわくわくした,4,feeling,気持ち,,I know after class excited.,私は「授業の後でわくわくした」を知っています。,normal,true
G4-490,fast music,速い音楽,4,daily_life,日常生活,,I know fast music.,私は「速い音楽」を知っています。,normal,true
G4-491,good cherry,よいさくらんぼ,4,fruit,果物,,I know good cherry.,私は「よいさくらんぼ」を知っています。,normal,true
G4-492,small boat,小型のボート,4,vehicle,乗り物,,I know small boat.,私は「小型のボート」を知っています。,normal,true
G4-493,cool brown,涼しげな茶色,4,color,色,,I know cool brown.,私は「涼しげな茶色」を知っています。,normal,true
G4-494,fast fish,速い魚,4,animal,動物,,I know fast fish.,私は「速い魚」を知っています。,normal,true
G4-495,fast egg,速い卵,4,food,食べ物,,I know fast egg.,私は「速い卵」を知っています。,normal,true
G4-496,good cousin,よいいとこ,4,family,家族,,I know good cousin.,私は「よいいとこ」を知っています。,normal,true
G4-497,fast pen,速いペン,4,school,学校,,I know fast pen.,私は「速いペン」を知っています。,normal,true
G4-498,your night,あなたの夜,4,day_week,曜日,,I know your night.,私は「あなたの夜」を知っています。,normal,true
G4-499,holiday is cool,休日は涼しい,4,weather,天気,,I know holiday is cool.,私は「休日は涼しい」を知っています。,normal,true
G4-500,fast ear,速い耳,4,body,体,,I know fast ear.,私は「速い耳」を知っています。,normal,true
G5-001,good strawberry,よいいちご,5,fruit,果物,,I know good strawberry.,私は「よいいちご」を知っています。,hard,true
G5-002,large boat,大型のボート,5,vehicle,乗り物,,I know large boat.,私は「大型のボート」を知っています。,hard,true
G5-003,favorite brown,好きな茶色,5,color,色,,I know favorite brown.,私は「好きな茶色」を知っています。,hard,true
G5-004,fast rabbit,速いうさぎ,5,animal,動物,,I know fast rabbit.,私は「速いうさぎ」を知っています。,hard,true
G5-005,fast cheese,速いチーズ,5,food,食べ物,,I know fast cheese.,私は「速いチーズ」を知っています。,hard,true
G5-006,good baby,よい赤ちゃん,5,family,家族,,I know good baby.,私は「よい赤ちゃん」を知っています。,hard,true
G5-007,fast eraser,速い消しゴム,5,school,学校,,I know fast eraser.,私は「速い消しゴム」を知っています。,hard,true
G5-008,this night,この夜,5,day_week,曜日,,I know this night.,私は「この夜」を知っています。,hard,true
G5-009,outside is cool,外は涼しい,5,weather,天気,,I know outside is cool.,私は「外は涼しい」を知っています。,hard,true
G5-010,fast nose,速い鼻,5,body,体,,I know fast nose.,私は「速い鼻」を知っています。,hard,true
G5-011,fast bathroom,速い浴室,5,house,家の中,,I know fast bathroom.,私は「速い浴室」を知っています。,hard,true
G5-012,library cook,図書館の料理人,5,job,職業,,I know library cook.,私は「図書館の料理人」を知っています。,hard,true
G5-013,with friends excited,友だちといてわくわくした,5,feeling,気持ち,,I know with friends excited.,私は「友だちといてわくわくした」を知っています。,hard,true
G5-014,fast club,速いクラブ,5,daily_life,日常生活,,I know fast club.,私は「速いクラブ」を知っています。,hard,true
G5-015,good pineapple,よいパイナップル,5,fruit,果物,,I know good pineapple.,私は「よいパイナップル」を知っています。,hard,true
G5-016,long boat,長いボート,5,vehicle,乗り物,,I know long boat.,私は「長いボート」を知っています。,hard,true
G5-017,school brown,学校で使う茶色,5,color,色,,I know school brown.,私は「学校で使う茶色」を知っています。,hard,true
G5-018,fast horse,速い馬,5,animal,動物,,I know fast horse.,私は「速い馬」を知っています。,hard,true
G5-019,fast meat,速い肉,5,food,食べ物,,I know fast meat.,私は「速い肉」を知っています。,hard,true
G5-020,good parent,よい親,5,family,家族,,I know good parent.,私は「よい親」を知っています。,hard,true
G5-021,fast ruler,速いものさし,5,school,学校,,I know fast ruler.,私は「速いものさし」を知っています。,hard,true
G5-022,that night,あの夜,5,day_week,曜日,,I know that night.,私は「あの夜」を知っています。,hard,true
G5-023,spring cool,春の涼しい,5,weather,天気,,I know spring cool.,私は「春の涼しい」を知っています。,hard,true
G5-024,fast mouth,速い口,5,body,体,,I know fast mouth.,私は「速い口」を知っています。,hard,true
G5-025,fast door,速いドア,5,house,家の中,,I know fast door.,私は「速いドア」を知っています。,hard,true
G5-026,kind cook,親切な料理人,5,job,職業,,I know kind cook.,私は「親切な料理人」を知っています。,hard,true
G5-027,at school excited,学校でわくわくした,5,feeling,気持ち,,I know at school excited.,私は「学校でわくわくした」を知っています。,hard,true
G5-028,fast birthday,速い誕生日,5,daily_life,日常生活,,I know fast birthday.,私は「速い誕生日」を知っています。,hard,true
G5-029,good kiwi,よいキウイ,5,fruit,果物,,I know good kiwi.,私は「よいキウイ」を知っています。,hard,true
G5-030,short boat,短いボート,5,vehicle,乗り物,,I know short boat.,私は「短いボート」を知っています。,hard,true
G5-031,basic brown,基本の茶色,5,color,色,,I know basic brown.,私は「基本の茶色」を知っています。,hard,true
G5-032,fast cow,速い牛,5,animal,動物,,I know fast cow.,私は「速い牛」を知っています。,hard,true
G5-033,fast chicken,速い鶏肉,5,food,食べ物,,I know fast chicken.,私は「速い鶏肉」を知っています。,hard,true
G5-034,good child,よい子ども,5,family,家族,,I know good child.,私は「よい子ども」を知っています。,hard,true
G5-035,fast notebook,速いノート,5,school,学校,,I know fast notebook.,私は「速いノート」を知っています。,hard,true
G5-036,my week,私の週,5,day_week,曜日,,I know my week.,私は「私の週」を知っています。,hard,true
G5-037,summer cool,夏の涼しい,5,weather,天気,,I know summer cool.,私は「夏の涼しい」を知っています。,hard,true
G5-038,fast tooth,速い歯,5,body,体,,I know fast tooth.,私は「速い歯」を知っています。,hard,true
G5-039,fast window,速い窓,5,house,家の中,,I know fast window.,私は「速い窓」を知っています。,hard,true
G5-040,busy cook,忙しい料理人,5,job,職業,,I know busy cook.,私は「忙しい料理人」を知っています。,hard,true
G5-041,at home excited,家でわくわくした,5,feeling,気持ち,,I know at home excited.,私は「家でわくわくした」を知っています。,hard,true
G5-042,fast holiday,速い休日,5,daily_life,日常生活,,I know fast holiday.,私は「速い休日」を知っています。,hard,true
G5-043,good mango,よいマンゴー,5,fruit,果物,,I know good mango.,私は「よいマンゴー」を知っています。,hard,true
G5-044,passenger boat,乗客用のボート,5,vehicle,乗り物,,I know passenger boat.,私は「乗客用のボート」を知っています。,hard,true
G5-045,pretty brown,きれいな茶色,5,color,色,,I know pretty brown.,私は「きれいな茶色」を知っています。,hard,true
G5-046,fast pig,速いぶた,5,animal,動物,,I know fast pig.,私は「速いぶた」を知っています。,hard,true
G5-047,fast fish,速い魚,5,food,食べ物,,I know fast fish.,私は「速い魚」を知っています。,hard,true
G5-048,good family,よい家族,5,family,家族,,I know good family.,私は「よい家族」を知っています。,hard,true
G5-049,fast desk,速い机,5,school,学校,,I know fast desk.,私は「速い机」を知っています。,hard,true
G5-050,your week,あなたの週,5,day_week,曜日,,I know your week.,私は「あなたの週」を知っています。,hard,true
G5-051,fall cool,秋の涼しい,5,weather,天気,,I know fall cool.,私は「秋の涼しい」を知っています。,hard,true
G5-052,fast hand,速い手,5,body,体,,I know fast hand.,私は「速い手」を知っています。,hard,true
G5-053,fast floor,速い床,5,house,家の中,,I know fast floor.,私は「速い床」を知っています。,hard,true
G5-054,new cook,新しい料理人,5,job,職業,,I know new cook.,私は「新しい料理人」を知っています。,hard,true
G5-055,on Monday excited,月曜日にわくわくした,5,feeling,気持ち,,I know on Monday excited.,私は「月曜日にわくわくした」を知っています。,hard,true
G5-056,fast money,速いお金,5,daily_life,日常生活,,I know fast money.,私は「速いお金」を知っています。,hard,true
G5-057,good plum,よいすもも,5,fruit,果物,,I know good plum.,私は「よいすもも」を知っています。,hard,true
G5-058,cargo boat,荷物用のボート,5,vehicle,乗り物,,I know cargo boat.,私は「荷物用のボート」を知っています。,hard,true
G5-059,simple brown,かんたんな茶色,5,color,色,,I know simple brown.,私は「かんたんな茶色」を知っています。,hard,true
G5-060,fast sheep,速い羊,5,animal,動物,,I know fast sheep.,私は「速い羊」を知っています。,hard,true
G5-061,fast soup,速いスープ,5,food,食べ物,,I know fast soup.,私は「速いスープ」を知っています。,hard,true
G5-062,good daughter,よい娘,5,family,家族,,I know good daughter.,私は「よい娘」を知っています。,hard,true
G5-063,fast chair,速いいす,5,school,学校,,I know fast chair.,私は「速いいす」を知っています。,hard,true
G5-064,this week,この週,5,day_week,曜日,,I know this week.,私は「この週」を知っています。,hard,true
G5-065,winter cool,冬の涼しい,5,weather,天気,,I know winter cool.,私は「冬の涼しい」を知っています。,hard,true
G5-066,fast finger,速い指,5,body,体,,I know fast finger.,私は「速い指」を知っています。,hard,true
G5-067,fast wall,速い壁,5,house,家の中,,I know fast wall.,私は「速い壁」を知っています。,hard,true
G5-068,famous cook,有名な料理人,5,job,職業,,I know famous cook.,私は「有名な料理人」を知っています。,hard,true
G5-069,in the morning excited,朝にわくわくした,5,feeling,気持ち,,I know in the morning excited.,私は「朝にわくわくした」を知っています。,hard,true
G5-070,fast ticket,速い切符,5,daily_life,日常生活,,I know fast ticket.,私は「速い切符」を知っています。,hard,true
G5-071,good fig,よいいちじく,5,fruit,果物,,I know good fig.,私は「よいいちじく」を知っています。,hard,true
G5-072,rescue boat,救助用のボート,5,vehicle,乗り物,,I know rescue boat.,私は「救助用のボート」を知っています。,hard,true
G5-073,new brown,新しい茶色,5,color,色,,I know new brown.,私は「新しい茶色」を知っています。,hard,true
G5-074,fast goat,速いやぎ,5,animal,動物,,I know fast goat.,私は「速いやぎ」を知っています。,hard,true
G5-075,fast salad,速いサラダ,5,food,食べ物,,I know fast salad.,私は「速いサラダ」を知っています。,hard,true
G5-076,good son,よい息子,5,family,家族,,I know good son.,私は「よい息子」を知っています。,hard,true
G5-077,fast classroom,速い教室,5,school,学校,,I know fast classroom.,私は「速い教室」を知っています。,hard,true
G5-078,that week,あの週,5,day_week,曜日,,I know that week.,私は「あの週」を知っています。,hard,true
G5-079,evening is cool,夕方は涼しい,5,weather,天気,,I know evening is cool.,私は「夕方は涼しい」を知っています。,hard,true
G5-080,fast arm,速い腕,5,body,体,,I know fast arm.,私は「速い腕」を知っています。,hard,true
G5-081,fast roof,速い屋根,5,house,家の中,,I know fast roof.,私は「速い屋根」を知っています。,hard,true
G5-082,young cook,若い料理人,5,job,職業,,I know young cook.,私は「若い料理人」を知っています。,hard,true
G5-083,at night excited,夜にわくわくした,5,feeling,気持ち,,I know at night excited.,私は「夜にわくわくした」を知っています。,hard,true
G5-084,fast phone,速い電話,5,daily_life,日常生活,,I know fast phone.,私は「速い電話」を知っています。,hard,true
G5-085,bad apple,悪いりんご,5,fruit,果物,,I know bad apple.,私は「悪いりんご」を知っています。,hard,true
G5-086,toy subway,おもちゃの地下鉄,5,vehicle,乗り物,,I know toy subway.,私は「おもちゃの地下鉄」を知っています。,hard,true
G5-087,light orange,明るいオレンジ色,5,color,色,,I know light orange.,私は「明るいオレンジ色」を知っています。,hard,true
G5-088,fast lion,速いライオン,5,animal,動物,,I know fast lion.,私は「速いライオン」を知っています。,hard,true
G5-089,fast cake,速いケーキ,5,food,食べ物,,I know fast cake.,私は「速いケーキ」を知っています。,hard,true
G5-090,bad mother,悪い母,5,family,家族,,I know bad mother.,私は「悪い母」を知っています。,hard,true
G5-091,fast teacher,速い先生,5,school,学校,,I know fast teacher.,私は「速い先生」を知っています。,hard,true
G5-092,grade 5 Monday,5年生の月曜日,5,day_week,曜日,,I know grade 5 Monday.,私は「5年生の月曜日」を知っています。,hard,true
G5-093,today is storm,今日は嵐,5,weather,天気,,I know today is storm.,私は「今日は嵐」を知っています。,hard,true
G5-094,fast leg,速い脚,5,body,体,,I know fast leg.,私は「速い脚」を知っています。,hard,true
G5-095,fast bed,速いベッド,5,house,家の中,,I know fast bed.,私は「速いベッド」を知っています。,hard,true
G5-096,school singer,学校の歌手,5,job,職業,,I know school singer.,私は「学校の歌手」を知っています。,hard,true
G5-097,very nervous,とても緊張した,5,feeling,気持ち,,I know very nervous.,私は「とても緊張した」を知っています。,hard,true
G5-098,fast photo,速い写真,5,daily_life,日常生活,,I know fast photo.,私は「速い写真」を知っています。,hard,true
G5-099,bad banana,悪いバナナ,5,fruit,果物,,I know bad banana.,私は「悪いバナナ」を知っています。,hard,true
G5-100,model subway,模型の地下鉄,5,vehicle,乗り物,,I know model subway.,私は「模型の地下鉄」を知っています。,hard,true
G5-101,dark orange,濃いオレンジ色,5,color,色,,I know dark orange.,私は「濃いオレンジ色」を知っています。,hard,true
G5-102,fast tiger,速いトラ,5,animal,動物,,I know fast tiger.,私は「速いトラ」を知っています。,hard,true
G5-103,fast cookie,速いクッキー,5,food,食べ物,,I know fast cookie.,私は「速いクッキー」を知っています。,hard,true
G5-104,bad father,悪い父,5,family,家族,,I know bad father.,私は「悪い父」を知っています。,hard,true
G5-105,fast student,速い生徒,5,school,学校,,I know fast student.,私は「速い生徒」を知っています。,hard,true
G5-106,grade 5 Tuesday,5年生の火曜日,5,day_week,曜日,,I know grade 5 Tuesday.,私は「5年生の火曜日」を知っています。,hard,true
G5-107,tomorrow is storm,明日は嵐,5,weather,天気,,I know tomorrow is storm.,私は「明日は嵐」を知っています。,hard,true
G5-108,fast foot,速い足,5,body,体,,I know fast foot.,私は「速い足」を知っています。,hard,true
G5-109,fast table,速いテーブル,5,house,家の中,,I know fast table.,私は「速いテーブル」を知っています。,hard,true
G5-110,hospital singer,病院の歌手,5,job,職業,,I know hospital singer.,私は「病院の歌手」を知っています。,hard,true
G5-111,a little nervous,少し緊張した,5,feeling,気持ち,,I know a little nervous.,私は「少し緊張した」を知っています。,hard,true
G5-112,fast letter,速い手紙,5,daily_life,日常生活,,I know fast letter.,私は「速い手紙」を知っています。,hard,true
G5-113,bad orange,悪いオレンジ,5,fruit,果物,,I know bad orange.,私は「悪いオレンジ」を知っています。,hard,true
G5-114,electric subway,電動の地下鉄,5,vehicle,乗り物,,I know electric subway.,私は「電動の地下鉄」を知っています。,hard,true
G5-115,deep orange,深いオレンジ色,5,color,色,,I know deep orange.,私は「深いオレンジ色」を知っています。,hard,true
G5-116,fast bear,速いくま,5,animal,動物,,I know fast bear.,私は「速いくま」を知っています。,hard,true
G5-117,fast pizza,速いピザ,5,food,食べ物,,I know fast pizza.,私は「速いピザ」を知っています。,hard,true
G5-118,bad sister,悪い姉妹,5,family,家族,,I know bad sister.,私は「悪い姉妹」を知っています。,hard,true
G5-119,fast homework,速い宿題,5,school,学校,,I know fast homework.,私は「速い宿題」を知っています。,hard,true
G5-120,grade 5 Wednesday,5年生の水曜日,5,day_week,曜日,,I know grade 5 Wednesday.,私は「5年生の水曜日」を知っています。,hard,true
G5-121,morning is storm,朝は嵐,5,weather,天気,,I know morning is storm.,私は「朝は嵐」を知っています。,hard,true
G5-122,fast shoulder,速い肩,5,body,体,,I know fast shoulder.,私は「速い肩」を知っています。,hard,true
G5-123,fast sofa,速いソファ,5,house,家の中,,I know fast sofa.,私は「速いソファ」を知っています。,hard,true
G5-124,town singer,町の歌手,5,job,職業,,I know town singer.,私は「町の歌手」を知っています。,hard,true
G5-125,still nervous,まだ緊張した,5,feeling,気持ち,,I know still nervous.,私は「まだ緊張した」を知っています。,hard,true
G5-126,fast bag,速いかばん,5,daily_life,日常生活,,I know fast bag.,私は「速いかばん」を知っています。,hard,true
G5-127,bad grape,悪いぶどう,5,fruit,果物,,I know bad grape.,私は「悪いぶどう」を知っています。,hard,true
G5-128,fast subway,速い地下鉄,5,vehicle,乗り物,,I know fast subway.,私は「速い地下鉄」を知っています。,hard,true
G5-129,pale orange,淡いオレンジ色,5,color,色,,I know pale orange.,私は「淡いオレンジ色」を知っています。,hard,true
G5-130,fast monkey,速いさる,5,animal,動物,,I know fast monkey.,私は「速いさる」を知っています。,hard,true
G5-131,fast noodle,速いめん,5,food,食べ物,,I know fast noodle.,私は「速いめん」を知っています。,hard,true
G5-132,bad brother,悪い兄弟,5,family,家族,,I know bad brother.,私は「悪い兄弟」を知っています。,hard,true
G5-133,fast question,速い質問,5,school,学校,,I know fast question.,私は「速い質問」を知っています。,hard,true
G5-134,grade 5 Thursday,5年生の木曜日,5,day_week,曜日,,I know grade 5 Thursday.,私は「5年生の木曜日」を知っています。,hard,true
G5-135,afternoon is storm,午後は嵐,5,weather,天気,,I know afternoon is storm.,私は「午後は嵐」を知っています。,hard,true
G5-136,fast knee,速いひざ,5,body,体,,I know fast knee.,私は「速いひざ」を知っています。,hard,true
G5-137,fast lamp,速いランプ,5,house,家の中,,I know fast lamp.,私は「速いランプ」を知っています。,hard,true
G5-138,airport singer,空港の歌手,5,job,職業,,I know airport singer.,私は「空港の歌手」を知っています。,hard,true
G5-139,really nervous,本当に緊張した,5,feeling,気持ち,,I know really nervous.,私は「本当に緊張した」を知っています。,hard,true
G5-140,fast umbrella,速い傘,5,daily_life,日常生活,,I know fast umbrella.,私は「速い傘」を知っています。,hard,true
G5-141,bad melon,悪いメロン,5,fruit,果物,,I know bad melon.,私は「悪いメロン」を知っています。,hard,true
G5-142,slow subway,ゆっくりの地下鉄,5,vehicle,乗り物,,I know slow subway.,私は「ゆっくりの地下鉄」を知っています。,hard,true
G5-143,soft orange,やわらかいオレンジ色,5,color,色,,I know soft orange.,私は「やわらかいオレンジ色」を知っています。,hard,true
G5-144,fast panda,速いパンダ,5,animal,動物,,I know fast panda.,私は「速いパンダ」を知っています。,hard,true
G5-145,fast sandwich,速いサンドイッチ,5,food,食べ物,,I know fast sandwich.,私は「速いサンドイッチ」を知っています。,hard,true
G5-146,bad grandmother,悪い祖母,5,family,家族,,I know bad grandmother.,私は「悪い祖母」を知っています。,hard,true
G5-147,fast lesson,速い授業,5,school,学校,,I know fast lesson.,私は「速い授業」を知っています。,hard,true
G5-148,grade 5 Friday,5年生の金曜日,5,day_week,曜日,,I know grade 5 Friday.,私は「5年生の金曜日」を知っています。,hard,true
G5-149,weekend is storm,週末は嵐,5,weather,天気,,I know weekend is storm.,私は「週末は嵐」を知っています。,hard,true
G5-150,fast heart,速い心臓,5,body,体,,I know fast heart.,私は「速い心臓」を知っています。,hard,true
G5-151,fast clock,速い時計,5,house,家の中,,I know fast clock.,私は「速い時計」を知っています。,hard,true
G5-152,station singer,駅の歌手,5,job,職業,,I know station singer.,私は「駅の歌手」を知っています。,hard,true
G5-153,sometimes nervous,時々緊張した,5,feeling,気持ち,,I know sometimes nervous.,私は「時々緊張した」を知っています。,hard,true
G5-154,fast key,速い鍵,5,daily_life,日常生活,,I know fast key.,私は「速い鍵」を知っています。,hard,true
G5-155,bad peach,悪いもも,5,fruit,果物,,I know bad peach.,私は「悪いもも」を知っています。,hard,true
G5-156,safe subway,安全な地下鉄,5,vehicle,乗り物,,I know safe subway.,私は「安全な地下鉄」を知っています。,hard,true
G5-157,bright orange,鮮やかなオレンジ色,5,color,色,,I know bright orange.,私は「鮮やかなオレンジ色」を知っています。,hard,true
G5-158,fast elephant,速いぞう,5,animal,動物,,I know fast elephant.,私は「速いぞう」を知っています。,hard,true
G5-159,fast curry,速いカレー,5,food,食べ物,,I know fast curry.,私は「速いカレー」を知っています。,hard,true
G5-160,bad grandfather,悪い祖父,5,family,家族,,I know bad grandfather.,私は「悪い祖父」を知っています。,hard,true
G5-161,fast test,速いテスト,5,school,学校,,I know fast test.,私は「速いテスト」を知っています。,hard,true
G5-162,grade 5 Saturday,5年生の土曜日,5,day_week,曜日,,I know grade 5 Saturday.,私は「5年生の土曜日」を知っています。,hard,true
G5-163,this week is storm,今週は嵐,5,weather,天気,,I know this week is storm.,私は「今週は嵐」を知っています。,hard,true
G5-164,fast hair,速い髪,5,body,体,,I know fast hair.,私は「速い髪」を知っています。,hard,true
G5-165,fast garden,速い庭,5,house,家の中,,I know fast garden.,私は「速い庭」を知っています。,hard,true
G5-166,zoo singer,動物園の歌手,5,job,職業,,I know zoo singer.,私は「動物園の歌手」を知っています。,hard,true
G5-167,today nervous,今日は緊張した,5,feeling,気持ち,,I know today nervous.,私は「今日は緊張した」を知っています。,hard,true
G5-168,fast future,速い未来,5,daily_life,日常生活,,I know fast future.,私は「速い未来」を知っています。,hard,true
G5-169,bad pear,悪いなし,5,fruit,果物,,I know bad pear.,私は「悪いなし」を知っています。,hard,true
G5-170,new subway,新しい地下鉄,5,vehicle,乗り物,,I know new subway.,私は「新しい地下鉄」を知っています。,hard,true
G5-171,clear orange,はっきりしたオレンジ色,5,color,色,,I know clear orange.,私は「はっきりしたオレンジ色」を知っています。,hard,true
G5-172,fast giraffe,速いキリン,5,animal,動物,,I know fast giraffe.,私は「速いキリン」を知っています。,hard,true
G5-173,fast tea,速いお茶,5,food,食べ物,,I know fast tea.,私は「速いお茶」を知っています。,hard,true
G5-174,bad aunt,悪いおば,5,family,家族,,I know bad aunt.,私は「悪いおば」を知っています。,hard,true
G5-175,fast map,速い地図,5,school,学校,,I know fast map.,私は「速い地図」を知っています。,hard,true
G5-176,grade 5 Sunday,5年生の日曜日,5,day_week,曜日,,I know grade 5 Sunday.,私は「5年生の日曜日」を知っています。,hard,true
G5-177,next week is storm,来週は嵐,5,weather,天気,,I know next week is storm.,私は「来週は嵐」を知っています。,hard,true
G5-178,fast neck,速い首,5,body,体,,I know fast neck.,私は「速い首」を知っています。,hard,true
G5-179,fast stairs,速い階段,5,house,家の中,,I know fast stairs.,私は「速い階段」を知っています。,hard,true
G5-180,museum singer,博物館の歌手,5,job,職業,,I know museum singer.,私は「博物館の歌手」を知っています。,hard,true
G5-181,now nervous,今緊張した,5,feeling,気持ち,,I know now nervous.,私は「今緊張した」を知っています。,hard,true
G5-182,fast dream,速い夢,5,daily_life,日常生活,,I know fast dream.,私は「速い夢」を知っています。,hard,true
G5-183,bad lemon,悪いレモン,5,fruit,果物,,I know bad lemon.,私は「悪いレモン」を知っています。,hard,true
G5-184,old subway,古い地下鉄,5,vehicle,乗り物,,I know old subway.,私は「古い地下鉄」を知っています。,hard,true
G5-185,warm orange,暖かいオレンジ色,5,color,色,,I know warm orange.,私は「暖かいオレンジ色」を知っています。,hard,true
G5-186,fast zebra,速いシマウマ,5,animal,動物,,I know fast zebra.,私は「速いシマウマ」を知っています。,hard,true
G5-187,fast water,速い水,5,food,食べ物,,I know fast water.,私は「速い水」を知っています。,hard,true
G5-188,bad uncle,悪いおじ,5,family,家族,,I know bad uncle.,私は「悪いおじ」を知っています。,hard,true
G5-189,fast globe,速い地球儀,5,school,学校,,I know fast globe.,私は「速い地球儀」を知っています。,hard,true
G5-190,grade 5 today,5年生の今日,5,day_week,曜日,,I know grade 5 today.,私は「5年生の今日」を知っています。,hard,true
G5-191,school day is storm,学校の日は嵐,5,weather,天気,,I know school day is storm.,私は「学校の日は嵐」を知っています。,hard,true
G5-192,fast back,速い背中,5,body,体,,I know fast back.,私は「速い背中」を知っています。,hard,true
G5-193,fast mirror,速い鏡,5,house,家の中,,I know fast mirror.,私は「速い鏡」を知っています。,hard,true
G5-194,restaurant singer,レストランの歌手,5,job,職業,,I know restaurant singer.,私は「レストランの歌手」を知っています。,hard,true
G5-195,after class nervous,授業の後で緊張した,5,feeling,気持ち,,I know after class nervous.,私は「授業の後で緊張した」を知っています。,hard,true
G5-196,fast plan,速い計画,5,daily_life,日常生活,,I know fast plan.,私は「速い計画」を知っています。,hard,true
G5-197,bad cherry,悪いさくらんぼ,5,fruit,果物,,I know bad cherry.,私は「悪いさくらんぼ」を知っています。,hard,true
G5-198,small subway,小型の地下鉄,5,vehicle,乗り物,,I know small subway.,私は「小型の地下鉄」を知っています。,hard,true
G5-199,cool orange,涼しげなオレンジ色,5,color,色,,I know cool orange.,私は「涼しげなオレンジ色」を知っています。,hard,true
G5-200,fast kangaroo,速いカンガルー,5,animal,動物,,I know fast kangaroo.,私は「速いカンガルー」を知っています。,hard,true
G5-201,fast juice,速いジュース,5,food,食べ物,,I know fast juice.,私は「速いジュース」を知っています。,hard,true
G5-202,bad cousin,悪いいとこ,5,family,家族,,I know bad cousin.,私は「悪いいとこ」を知っています。,hard,true
G5-203,fast library,速い図書館,5,school,学校,,I know fast library.,私は「速い図書館」を知っています。,hard,true
G5-204,grade 5 tomorrow,5年生の明日,5,day_week,曜日,,I know grade 5 tomorrow.,私は「5年生の明日」を知っています。,hard,true
G5-205,holiday is storm,休日は嵐,5,weather,天気,,I know holiday is storm.,私は「休日は嵐」を知っています。,hard,true
G5-206,fast stomach,速いおなか,5,body,体,,I know fast stomach.,私は「速いおなか」を知っています。,hard,true
G5-207,fast shelf,速い棚,5,house,家の中,,I know fast shelf.,私は「速い棚」を知っています。,hard,true
G5-208,farm singer,農場の歌手,5,job,職業,,I know farm singer.,私は「農場の歌手」を知っています。,hard,true
G5-209,before test nervous,テスト前に緊張した,5,feeling,気持ち,,I know before test nervous.,私は「テスト前に緊張した」を知っています。,hard,true
G5-210,fast rule,速いルール,5,daily_life,日常生活,,I know fast rule.,私は「速いルール」を知っています。,hard,true
G5-211,bad strawberry,悪いいちご,5,fruit,果物,,I know bad strawberry.,私は「悪いいちご」を知っています。,hard,true
G5-212,large subway,大型の地下鉄,5,vehicle,乗り物,,I know large subway.,私は「大型の地下鉄」を知っています。,hard,true
G5-213,favorite orange,好きなオレンジ色,5,color,色,,I know favorite orange.,私は「好きなオレンジ色」を知っています。,hard,true
G5-214,fast koala,速いコアラ,5,animal,動物,,I know fast koala.,私は「速いコアラ」を知っています。,hard,true
G5-215,fast yogurt,速いヨーグルト,5,food,食べ物,,I know fast yogurt.,私は「速いヨーグルト」を知っています。,hard,true
G5-216,bad baby,悪い赤ちゃん,5,family,家族,,I know bad baby.,私は「悪い赤ちゃん」を知っています。,hard,true
G5-217,fast marker,速いマーカー,5,school,学校,,I know fast marker.,私は「速いマーカー」を知っています。,hard,true
G5-218,grade 5 yesterday,5年生の昨日,5,day_week,曜日,,I know grade 5 yesterday.,私は「5年生の昨日」を知っています。,hard,true
G5-219,outside is storm,外は嵐,5,weather,天気,,I know outside is storm.,私は「外は嵐」を知っています。,hard,true
G5-220,fast voice,速い声,5,body,体,,I know fast voice.,私は「速い声」を知っています。,hard,true
G5-221,fast closet,速いクローゼット,5,house,家の中,,I know fast closet.,私は「速いクローゼット」を知っています。,hard,true
G5-222,library singer,図書館の歌手,5,job,職業,,I know library singer.,私は「図書館の歌手」を知っています。,hard,true
G5-223,with friends nervous,友だちといて緊張した,5,feeling,気持ち,,I know with friends nervous.,私は「友だちといて緊張した」を知っています。,hard,true
G5-224,fast team,速いチーム,5,daily_life,日常生活,,I know fast team.,私は「速いチーム」を知っています。,hard,true
G5-225,bad pineapple,悪いパイナップル,5,fruit,果物,,I know bad pineapple.,私は「悪いパイナップル」を知っています。,hard,true
G5-226,long subway,長い地下鉄,5,vehicle,乗り物,,I know long subway.,私は「長い地下鉄」を知っています。,hard,true
G5-227,school orange,学校で使うオレンジ色,5,color,色,,I know school orange.,私は「学校で使うオレンジ色」を知っています。,hard,true
G5-228,slow dog,遅い犬,5,animal,動物,,I know slow dog.,私は「遅い犬」を知っています。,hard,true
G5-229,slow rice,遅いごはん,5,food,食べ物,,I know slow rice.,私は「遅いごはん」を知っています。,hard,true
G5-230,bad parent,悪い親,5,family,家族,,I know bad parent.,私は「悪い親」を知っています。,hard,true
G5-231,slow school,遅い学校,5,school,学校,,I know slow school.,私は「遅い学校」を知っています。,hard,true
G5-232,grade 5 morning,5年生の朝,5,day_week,曜日,,I know grade 5 morning.,私は「5年生の朝」を知っています。,hard,true
G5-233,spring storm,春の嵐,5,weather,天気,,I know spring storm.,私は「春の嵐」を知っています。,hard,true
G5-234,slow head,遅い頭,5,body,体,,I know slow head.,私は「遅い頭」を知っています。,hard,true
G5-235,slow house,遅い家,5,house,家の中,,I know slow house.,私は「遅い家」を知っています。,hard,true
G5-236,kind singer,親切な歌手,5,job,職業,,I know kind singer.,私は「親切な歌手」を知っています。,hard,true
G5-237,at school nervous,学校で緊張した,5,feeling,気持ち,,I know at school nervous.,私は「学校で緊張した」を知っています。,hard,true
G5-238,slow friend,遅い友だち,5,daily_life,日常生活,,I know slow friend.,私は「遅い友だち」を知っています。,hard,true
G5-239,bad kiwi,悪いキウイ,5,fruit,果物,,I know bad kiwi.,私は「悪いキウイ」を知っています。,hard,true
G5-240,short subway,短い地下鉄,5,vehicle,乗り物,,I know short subway.,私は「短い地下鉄」を知っています。,hard,true
G5-241,basic orange,基本のオレンジ色,5,color,色,,I know basic orange.,私は「基本のオレンジ色」を知っています。,hard,true
G5-242,slow cat,遅いねこ,5,animal,動物,,I know slow cat.,私は「遅いねこ」を知っています。,hard,true
G5-243,slow bread,遅いパン,5,food,食べ物,,I know slow bread.,私は「遅いパン」を知っています。,hard,true
G5-244,bad child,悪い子ども,5,family,家族,,I know bad child.,私は「悪い子ども」を知っています。,hard,true
G5-245,slow book,遅い本,5,school,学校,,I know slow book.,私は「遅い本」を知っています。,hard,true
G5-246,grade 5 afternoon,5年生の午後,5,day_week,曜日,,I know grade 5 afternoon.,私は「5年生の午後」を知っています。,hard,true
G5-247,summer storm,夏の嵐,5,weather,天気,,I know summer storm.,私は「夏の嵐」を知っています。,hard,true
G5-248,slow face,遅い顔,5,body,体,,I know slow face.,私は「遅い顔」を知っています。,hard,true
G5-249,slow room,遅い部屋,5,house,家の中,,I know slow room.,私は「遅い部屋」を知っています。,hard,true
G5-250,busy singer,忙しい歌手,5,job,職業,,I know busy singer.,私は「忙しい歌手」を知っています。,hard,true
G5-251,at home nervous,家で緊張した,5,feeling,気持ち,,I know at home nervous.,私は「家で緊張した」を知っています。,hard,true
G5-252,slow game,遅いゲーム,5,daily_life,日常生活,,I know slow game.,私は「遅いゲーム」を知っています。,hard,true
G5-253,bad mango,悪いマンゴー,5,fruit,果物,,I know bad mango.,私は「悪いマンゴー」を知っています。,hard,true
G5-254,passenger subway,乗客用の地下鉄,5,vehicle,乗り物,,I know passenger subway.,私は「乗客用の地下鉄」を知っています。,hard,true
G5-255,pretty orange,きれいなオレンジ色,5,color,色,,I know pretty orange.,私は「きれいなオレンジ色」を知っています。,hard,true
G5-256,slow bird,遅い鳥,5,animal,動物,,I know slow bird.,私は「遅い鳥」を知っています。,hard,true
G5-257,slow milk,遅い牛乳,5,food,食べ物,,I know slow milk.,私は「遅い牛乳」を知っています。,hard,true
G5-258,bad family,悪い家族,5,family,家族,,I know bad family.,私は「悪い家族」を知っています。,hard,true
G5-259,slow pencil,遅い鉛筆,5,school,学校,,I know slow pencil.,私は「遅い鉛筆」を知っています。,hard,true
G5-260,grade 5 evening,5年生の夕方,5,day_week,曜日,,I know grade 5 evening.,私は「5年生の夕方」を知っています。,hard,true
G5-261,fall storm,秋の嵐,5,weather,天気,,I know fall storm.,私は「秋の嵐」を知っています。,hard,true
G5-262,slow eye,遅い目,5,body,体,,I know slow eye.,私は「遅い目」を知っています。,hard,true
G5-263,slow kitchen,遅い台所,5,house,家の中,,I know slow kitchen.,私は「遅い台所」を知っています。,hard,true
G5-264,new singer,新しい歌手,5,job,職業,,I know new singer.,私は「新しい歌手」を知っています。,hard,true
G5-265,on Monday nervous,月曜日に緊張した,5,feeling,気持ち,,I know on Monday nervous.,私は「月曜日に緊張した」を知っています。,hard,true
G5-266,slow music,遅い音楽,5,daily_life,日常生活,,I know slow music.,私は「遅い音楽」を知っています。,hard,true
G5-267,bad plum,悪いすもも,5,fruit,果物,,I know bad plum.,私は「悪いすもも」を知っています。,hard,true
G5-268,cargo subway,荷物用の地下鉄,5,vehicle,乗り物,,I know cargo subway.,私は「荷物用の地下鉄」を知っています。,hard,true
G5-269,simple orange,かんたんなオレンジ色,5,color,色,,I know simple orange.,私は「かんたんなオレンジ色」を知っています。,hard,true
G5-270,slow fish,遅い魚,5,animal,動物,,I know slow fish.,私は「遅い魚」を知っています。,hard,true
G5-271,slow egg,遅い卵,5,food,食べ物,,I know slow egg.,私は「遅い卵」を知っています。,hard,true
G5-272,bad daughter,悪い娘,5,family,家族,,I know bad daughter.,私は「悪い娘」を知っています。,hard,true
G5-273,slow pen,遅いペン,5,school,学校,,I know slow pen.,私は「遅いペン」を知っています。,hard,true
G5-274,grade 5 night,5年生の夜,5,day_week,曜日,,I know grade 5 night.,私は「5年生の夜」を知っています。,hard,true
G5-275,winter storm,冬の嵐,5,weather,天気,,I know winter storm.,私は「冬の嵐」を知っています。,hard,true
G5-276,slow ear,遅い耳,5,body,体,,I know slow ear.,私は「遅い耳」を知っています。,hard,true
G5-277,slow bedroom,遅い寝室,5,house,家の中,,I know slow bedroom.,私は「遅い寝室」を知っています。,hard,true
G5-278,famous singer,有名な歌手,5,job,職業,,I know famous singer.,私は「有名な歌手」を知っています。,hard,true
G5-279,in the morning nervous,朝に緊張した,5,feeling,気持ち,,I know in the morning nervous.,私は「朝に緊張した」を知っています。,hard,true
G5-280,slow sport,遅いスポーツ,5,daily_life,日常生活,,I know slow sport.,私は「遅いスポーツ」を知っています。,hard,true
G5-281,bad fig,悪いいちじく,5,fruit,果物,,I know bad fig.,私は「悪いいちじく」を知っています。,hard,true
G5-282,rescue subway,救助用の地下鉄,5,vehicle,乗り物,,I know rescue subway.,私は「救助用の地下鉄」を知っています。,hard,true
G5-283,new orange,新しいオレンジ色,5,color,色,,I know new orange.,私は「新しいオレンジ色」を知っています。,hard,true
G5-284,slow rabbit,遅いうさぎ,5,animal,動物,,I know slow rabbit.,私は「遅いうさぎ」を知っています。,hard,true
G5-285,slow cheese,遅いチーズ,5,food,食べ物,,I know slow cheese.,私は「遅いチーズ」を知っています。,hard,true
G5-286,bad son,悪い息子,5,family,家族,,I know bad son.,私は「悪い息子」を知っています。,hard,true
G5-287,slow eraser,遅い消しゴム,5,school,学校,,I know slow eraser.,私は「遅い消しゴム」を知っています。,hard,true
G5-288,grade 5 week,5年生の週,5,day_week,曜日,,I know grade 5 week.,私は「5年生の週」を知っています。,hard,true
G5-289,evening is storm,夕方は嵐,5,weather,天気,,I know evening is storm.,私は「夕方は嵐」を知っています。,hard,true
G5-290,slow nose,遅い鼻,5,body,体,,I know slow nose.,私は「遅い鼻」を知っています。,hard,true
G5-291,slow bathroom,遅い浴室,5,house,家の中,,I know slow bathroom.,私は「遅い浴室」を知っています。,hard,true
G5-292,young singer,若い歌手,5,job,職業,,I know young singer.,私は「若い歌手」を知っています。,hard,true
G5-293,at night nervous,夜に緊張した,5,feeling,気持ち,,I know at night nervous.,私は「夜に緊張した」を知っています。,hard,true
G5-294,slow club,遅いクラブ,5,daily_life,日常生活,,I know slow club.,私は「遅いクラブ」を知っています。,hard,true
G5-295,clean apple,きれいなりんご,5,fruit,果物,,I know clean apple.,私は「きれいなりんご」を知っています。,hard,true
G5-296,toy scooter,おもちゃのスクーター,5,vehicle,乗り物,,I know toy scooter.,私は「おもちゃのスクーター」を知っています。,hard,true
G5-297,light gray,明るい灰色,5,color,色,,I know light gray.,私は「明るい灰色」を知っています。,hard,true
G5-298,slow horse,遅い馬,5,animal,動物,,I know slow horse.,私は「遅い馬」を知っています。,hard,true
G5-299,slow meat,遅い肉,5,food,食べ物,,I know slow meat.,私は「遅い肉」を知っています。,hard,true
G5-300,clean mother,きれいな母,5,family,家族,,I know clean mother.,私は「きれいな母」を知っています。,hard,true
G5-301,slow ruler,遅いものさし,5,school,学校,,I know slow ruler.,私は「遅いものさし」を知っています。,hard,true
G5-302,grade 5 Monday morning,5年生の月曜日の朝,5,day_week,曜日,,I know grade 5 Monday morning.,私は「5年生の月曜日の朝」を知っています。,hard,true
G5-303,today is rain,今日は雨,5,weather,天気,,I know today is rain.,私は「今日は雨」を知っています。,hard,true
G5-304,slow mouth,遅い口,5,body,体,,I know slow mouth.,私は「遅い口」を知っています。,hard,true
G5-305,slow door,遅いドア,5,house,家の中,,I know slow door.,私は「遅いドア」を知っています。,hard,true
G5-306,school writer,学校の作家,5,job,職業,,I know school writer.,私は「学校の作家」を知っています。,hard,true
G5-307,very proud,とても誇らしい,5,feeling,気持ち,,I know very proud.,私は「とても誇らしい」を知っています。,hard,true
G5-308,slow birthday,遅い誕生日,5,daily_life,日常生活,,I know slow birthday.,私は「遅い誕生日」を知っています。,hard,true
G5-309,clean banana,きれいなバナナ,5,fruit,果物,,I know clean banana.,私は「きれいなバナナ」を知っています。,hard,true
G5-310,model scooter,模型のスクーター,5,vehicle,乗り物,,I know model scooter.,私は「模型のスクーター」を知っています。,hard,true
G5-311,dark gray,濃い灰色,5,color,色,,I know dark gray.,私は「濃い灰色」を知っています。,hard,true
G5-312,slow cow,遅い牛,5,animal,動物,,I know slow cow.,私は「遅い牛」を知っています。,hard,true
G5-313,slow chicken,遅い鶏肉,5,food,食べ物,,I know slow chicken.,私は「遅い鶏肉」を知っています。,hard,true
G5-314,clean father,きれいな父,5,family,家族,,I know clean father.,私は「きれいな父」を知っています。,hard,true
G5-315,slow notebook,遅いノート,5,school,学校,,I know slow notebook.,私は「遅いノート」を知っています。,hard,true
G5-316,grade 5 Monday afternoon,5年生の月曜日の午後,5,day_week,曜日,,I know grade 5 Monday afternoon.,私は「5年生の月曜日の午後」を知っています。,hard,true
G5-317,tomorrow is rain,明日は雨,5,weather,天気,,I know tomorrow is rain.,私は「明日は雨」を知っています。,hard,true
G5-318,slow tooth,遅い歯,5,body,体,,I know slow tooth.,私は「遅い歯」を知っています。,hard,true
G5-319,slow window,遅い窓,5,house,家の中,,I know slow window.,私は「遅い窓」を知っています。,hard,true
G5-320,hospital writer,病院の作家,5,job,職業,,I know hospital writer.,私は「病院の作家」を知っています。,hard,true
G5-321,a little proud,少し誇らしい,5,feeling,気持ち,,I know a little proud.,私は「少し誇らしい」を知っています。,hard,true
G5-322,slow holiday,遅い休日,5,daily_life,日常生活,,I know slow holiday.,私は「遅い休日」を知っています。,hard,true
G5-323,clean orange,きれいなオレンジ,5,fruit,果物,,I know clean orange.,私は「きれいなオレンジ」を知っています。,hard,true
G5-324,electric scooter,電動のスクーター,5,vehicle,乗り物,,I know electric scooter.,私は「電動のスクーター」を知っています。,hard,true
G5-325,deep gray,深い灰色,5,color,色,,I know deep gray.,私は「深い灰色」を知っています。,hard,true
G5-326,slow pig,遅いぶた,5,animal,動物,,I know slow pig.,私は「遅いぶた」を知っています。,hard,true
G5-327,slow fish,遅い魚,5,food,食べ物,,I know slow fish.,私は「遅い魚」を知っています。,hard,true
G5-328,clean sister,きれいな姉妹,5,family,家族,,I know clean sister.,私は「きれいな姉妹」を知っています。,hard,true
G5-329,slow desk,遅い机,5,school,学校,,I know slow desk.,私は「遅い机」を知っています。,hard,true
G5-330,grade 5 Monday evening,5年生の月曜日の夕方,5,day_week,曜日,,I know grade 5 Monday evening.,私は「5年生の月曜日の夕方」を知っています。,hard,true
G5-331,morning is rain,朝は雨,5,weather,天気,,I know morning is rain.,私は「朝は雨」を知っています。,hard,true
G5-332,slow hand,遅い手,5,body,体,,I know slow hand.,私は「遅い手」を知っています。,hard,true
G5-333,slow floor,遅い床,5,house,家の中,,I know slow floor.,私は「遅い床」を知っています。,hard,true
G5-334,town writer,町の作家,5,job,職業,,I know town writer.,私は「町の作家」を知っています。,hard,true
G5-335,still proud,まだ誇らしい,5,feeling,気持ち,,I know still proud.,私は「まだ誇らしい」を知っています。,hard,true
G5-336,slow money,遅いお金,5,daily_life,日常生活,,I know slow money.,私は「遅いお金」を知っています。,hard,true
G5-337,clean grape,きれいなぶどう,5,fruit,果物,,I know clean grape.,私は「きれいなぶどう」を知っています。,hard,true
G5-338,fast scooter,速いスクーター,5,vehicle,乗り物,,I know fast scooter.,私は「速いスクーター」を知っています。,hard,true
G5-339,pale gray,淡い灰色,5,color,色,,I know pale gray.,私は「淡い灰色」を知っています。,hard,true
G5-340,slow sheep,遅い羊,5,animal,動物,,I know slow sheep.,私は「遅い羊」を知っています。,hard,true
G5-341,slow soup,遅いスープ,5,food,食べ物,,I know slow soup.,私は「遅いスープ」を知っています。,hard,true
G5-342,clean brother,きれいな兄弟,5,family,家族,,I know clean brother.,私は「きれいな兄弟」を知っています。,hard,true
G5-343,slow chair,遅いいす,5,school,学校,,I know slow chair.,私は「遅いいす」を知っています。,hard,true
G5-344,grade 5 Monday night,5年生の月曜日の夜,5,day_week,曜日,,I know grade 5 Monday night.,私は「5年生の月曜日の夜」を知っています。,hard,true
G5-345,afternoon is rain,午後は雨,5,weather,天気,,I know afternoon is rain.,私は「午後は雨」を知っています。,hard,true
G5-346,slow finger,遅い指,5,body,体,,I know slow finger.,私は「遅い指」を知っています。,hard,true
G5-347,slow wall,遅い壁,5,house,家の中,,I know slow wall.,私は「遅い壁」を知っています。,hard,true
G5-348,airport writer,空港の作家,5,job,職業,,I know airport writer.,私は「空港の作家」を知っています。,hard,true
G5-349,really proud,本当に誇らしい,5,feeling,気持ち,,I know really proud.,私は「本当に誇らしい」を知っています。,hard,true
G5-350,slow ticket,遅い切符,5,daily_life,日常生活,,I know slow ticket.,私は「遅い切符」を知っています。,hard,true
G5-351,clean melon,きれいなメロン,5,fruit,果物,,I know clean melon.,私は「きれいなメロン」を知っています。,hard,true
G5-352,slow scooter,ゆっくりのスクーター,5,vehicle,乗り物,,I know slow scooter.,私は「ゆっくりのスクーター」を知っています。,hard,true
G5-353,soft gray,やわらかい灰色,5,color,色,,I know soft gray.,私は「やわらかい灰色」を知っています。,hard,true
G5-354,slow goat,遅いやぎ,5,animal,動物,,I know slow goat.,私は「遅いやぎ」を知っています。,hard,true
G5-355,slow salad,遅いサラダ,5,food,食べ物,,I know slow salad.,私は「遅いサラダ」を知っています。,hard,true
G5-356,clean grandmother,きれいな祖母,5,family,家族,,I know clean grandmother.,私は「きれいな祖母」を知っています。,hard,true
G5-357,slow classroom,遅い教室,5,school,学校,,I know slow classroom.,私は「遅い教室」を知っています。,hard,true
G5-358,grade 5 Monday class,5年生の月曜日の授業,5,day_week,曜日,,I know grade 5 Monday class.,私は「5年生の月曜日の授業」を知っています。,hard,true
G5-359,weekend is rain,週末は雨,5,weather,天気,,I know weekend is rain.,私は「週末は雨」を知っています。,hard,true
G5-360,slow arm,遅い腕,5,body,体,,I know slow arm.,私は「遅い腕」を知っています。,hard,true
G5-361,slow roof,遅い屋根,5,house,家の中,,I know slow roof.,私は「遅い屋根」を知っています。,hard,true
G5-362,station writer,駅の作家,5,job,職業,,I know station writer.,私は「駅の作家」を知っています。,hard,true
G5-363,sometimes proud,時々誇らしい,5,feeling,気持ち,,I know sometimes proud.,私は「時々誇らしい」を知っています。,hard,true
G5-364,slow phone,遅い電話,5,daily_life,日常生活,,I know slow phone.,私は「遅い電話」を知っています。,hard,true
G5-365,clean peach,きれいなもも,5,fruit,果物,,I know clean peach.,私は「きれいなもも」を知っています。,hard,true
G5-366,safe scooter,安全なスクーター,5,vehicle,乗り物,,I know safe scooter.,私は「安全なスクーター」を知っています。,hard,true
G5-367,bright gray,鮮やかな灰色,5,color,色,,I know bright gray.,私は「鮮やかな灰色」を知っています。,hard,true
G5-368,slow lion,遅いライオン,5,animal,動物,,I know slow lion.,私は「遅いライオン」を知っています。,hard,true
G5-369,slow cake,遅いケーキ,5,food,食べ物,,I know slow cake.,私は「遅いケーキ」を知っています。,hard,true
G5-370,clean grandfather,きれいな祖父,5,family,家族,,I know clean grandfather.,私は「きれいな祖父」を知っています。,hard,true
G5-371,slow teacher,遅い先生,5,school,学校,,I know slow teacher.,私は「遅い先生」を知っています。,hard,true
G5-372,grade 5 Tuesday morning,5年生の火曜日の朝,5,day_week,曜日,,I know grade 5 Tuesday morning.,私は「5年生の火曜日の朝」を知っています。,hard,true
G5-373,this week is rain,今週は雨,5,weather,天気,,I know this week is rain.,私は「今週は雨」を知っています。,hard,true
G5-374,slow leg,遅い脚,5,body,体,,I know slow leg.,私は「遅い脚」を知っています。,hard,true
G5-375,slow bed,遅いベッド,5,house,家の中,,I know slow bed.,私は「遅いベッド」を知っています。,hard,true
G5-376,zoo writer,動物園の作家,5,job,職業,,I know zoo writer.,私は「動物園の作家」を知っています。,hard,true
G5-377,today proud,今日は誇らしい,5,feeling,気持ち,,I know today proud.,私は「今日は誇らしい」を知っています。,hard,true
G5-378,slow photo,遅い写真,5,daily_life,日常生活,,I know slow photo.,私は「遅い写真」を知っています。,hard,true
G5-379,clean pear,きれいななし,5,fruit,果物,,I know clean pear.,私は「きれいななし」を知っています。,hard,true
G5-380,new scooter,新しいスクーター,5,vehicle,乗り物,,I know new scooter.,私は「新しいスクーター」を知っています。,hard,true
G5-381,clear gray,はっきりした灰色,5,color,色,,I know clear gray.,私は「はっきりした灰色」を知っています。,hard,true
G5-382,slow tiger,遅いトラ,5,animal,動物,,I know slow tiger.,私は「遅いトラ」を知っています。,hard,true
G5-383,slow cookie,遅いクッキー,5,food,食べ物,,I know slow cookie.,私は「遅いクッキー」を知っています。,hard,true
G5-384,clean aunt,きれいなおば,5,family,家族,,I know clean aunt.,私は「きれいなおば」を知っています。,hard,true
G5-385,slow student,遅い生徒,5,school,学校,,I know slow student.,私は「遅い生徒」を知っています。,hard,true
G5-386,grade 5 Tuesday afternoon,5年生の火曜日の午後,5,day_week,曜日,,I know grade 5 Tuesday afternoon.,私は「5年生の火曜日の午後」を知っています。,hard,true
G5-387,next week is rain,来週は雨,5,weather,天気,,I know next week is rain.,私は「来週は雨」を知っています。,hard,true
G5-388,slow foot,遅い足,5,body,体,,I know slow foot.,私は「遅い足」を知っています。,hard,true
G5-389,slow table,遅いテーブル,5,house,家の中,,I know slow table.,私は「遅いテーブル」を知っています。,hard,true
G5-390,museum writer,博物館の作家,5,job,職業,,I know museum writer.,私は「博物館の作家」を知っています。,hard,true
G5-391,now proud,今誇らしい,5,feeling,気持ち,,I know now proud.,私は「今誇らしい」を知っています。,hard,true
G5-392,slow letter,遅い手紙,5,daily_life,日常生活,,I know slow letter.,私は「遅い手紙」を知っています。,hard,true
G5-393,clean lemon,きれいなレモン,5,fruit,果物,,I know clean lemon.,私は「きれいなレモン」を知っています。,hard,true
G5-394,old scooter,古いスクーター,5,vehicle,乗り物,,I know old scooter.,私は「古いスクーター」を知っています。,hard,true
G5-395,warm gray,暖かい灰色,5,color,色,,I know warm gray.,私は「暖かい灰色」を知っています。,hard,true
G5-396,slow bear,遅いくま,5,animal,動物,,I know slow bear.,私は「遅いくま」を知っています。,hard,true
G5-397,slow pizza,遅いピザ,5,food,食べ物,,I know slow pizza.,私は「遅いピザ」を知っています。,hard,true
G5-398,clean uncle,きれいなおじ,5,family,家族,,I know clean uncle.,私は「きれいなおじ」を知っています。,hard,true
G5-399,slow homework,遅い宿題,5,school,学校,,I know slow homework.,私は「遅い宿題」を知っています。,hard,true
G5-400,grade 5 Tuesday evening,5年生の火曜日の夕方,5,day_week,曜日,,I know grade 5 Tuesday evening.,私は「5年生の火曜日の夕方」を知っています。,hard,true
G5-401,school day is rain,学校の日は雨,5,weather,天気,,I know school day is rain.,私は「学校の日は雨」を知っています。,hard,true
G5-402,slow shoulder,遅い肩,5,body,体,,I know slow shoulder.,私は「遅い肩」を知っています。,hard,true
G5-403,slow sofa,遅いソファ,5,house,家の中,,I know slow sofa.,私は「遅いソファ」を知っています。,hard,true
G5-404,restaurant writer,レストランの作家,5,job,職業,,I know restaurant writer.,私は「レストランの作家」を知っています。,hard,true
G5-405,after class proud,授業の後で誇らしい,5,feeling,気持ち,,I know after class proud.,私は「授業の後で誇らしい」を知っています。,hard,true
G5-406,slow bag,遅いかばん,5,daily_life,日常生活,,I know slow bag.,私は「遅いかばん」を知っています。,hard,true
G5-407,clean cherry,きれいなさくらんぼ,5,fruit,果物,,I know clean cherry.,私は「きれいなさくらんぼ」を知っています。,hard,true
G5-408,small scooter,小型のスクーター,5,vehicle,乗り物,,I know small scooter.,私は「小型のスクーター」を知っています。,hard,true
G5-409,cool gray,涼しげな灰色,5,color,色,,I know cool gray.,私は「涼しげな灰色」を知っています。,hard,true
G5-410,slow monkey,遅いさる,5,animal,動物,,I know slow monkey.,私は「遅いさる」を知っています。,hard,true
G5-411,slow noodle,遅いめん,5,food,食べ物,,I know slow noodle.,私は「遅いめん」を知っています。,hard,true
G5-412,clean cousin,きれいないとこ,5,family,家族,,I know clean cousin.,私は「きれいないとこ」を知っています。,hard,true
G5-413,slow question,遅い質問,5,school,学校,,I know slow question.,私は「遅い質問」を知っています。,hard,true
G5-414,grade 5 Tuesday night,5年生の火曜日の夜,5,day_week,曜日,,I know grade 5 Tuesday night.,私は「5年生の火曜日の夜」を知っています。,hard,true
G5-415,holiday is rain,休日は雨,5,weather,天気,,I know holiday is rain.,私は「休日は雨」を知っています。,hard,true
G5-416,slow knee,遅いひざ,5,body,体,,I know slow knee.,私は「遅いひざ」を知っています。,hard,true
G5-417,slow lamp,遅いランプ,5,house,家の中,,I know slow lamp.,私は「遅いランプ」を知っています。,hard,true
G5-418,farm writer,農場の作家,5,job,職業,,I know farm writer.,私は「農場の作家」を知っています。,hard,true
G5-419,before test proud,テスト前に誇らしい,5,feeling,気持ち,,I know before test proud.,私は「テスト前に誇らしい」を知っています。,hard,true
G5-420,slow umbrella,遅い傘,5,daily_life,日常生活,,I know slow umbrella.,私は「遅い傘」を知っています。,hard,true
G5-421,clean strawberry,きれいないちご,5,fruit,果物,,I know clean strawberry.,私は「きれいないちご」を知っています。,hard,true
G5-422,large scooter,大型のスクーター,5,vehicle,乗り物,,I know large scooter.,私は「大型のスクーター」を知っています。,hard,true
G5-423,favorite gray,好きな灰色,5,color,色,,I know favorite gray.,私は「好きな灰色」を知っています。,hard,true
G5-424,slow panda,遅いパンダ,5,animal,動物,,I know slow panda.,私は「遅いパンダ」を知っています。,hard,true
G5-425,slow sandwich,遅いサンドイッチ,5,food,食べ物,,I know slow sandwich.,私は「遅いサンドイッチ」を知っています。,hard,true
G5-426,clean baby,きれいな赤ちゃん,5,family,家族,,I know clean baby.,私は「きれいな赤ちゃん」を知っています。,hard,true
G5-427,slow lesson,遅い授業,5,school,学校,,I know slow lesson.,私は「遅い授業」を知っています。,hard,true
G5-428,grade 5 Tuesday class,5年生の火曜日の授業,5,day_week,曜日,,I know grade 5 Tuesday class.,私は「5年生の火曜日の授業」を知っています。,hard,true
G5-429,outside is rain,外は雨,5,weather,天気,,I know outside is rain.,私は「外は雨」を知っています。,hard,true
G5-430,slow heart,遅い心臓,5,body,体,,I know slow heart.,私は「遅い心臓」を知っています。,hard,true
G5-431,slow clock,遅い時計,5,house,家の中,,I know slow clock.,私は「遅い時計」を知っています。,hard,true
G5-432,library writer,図書館の作家,5,job,職業,,I know library writer.,私は「図書館の作家」を知っています。,hard,true
G5-433,with friends proud,友だちといて誇らしい,5,feeling,気持ち,,I know with friends proud.,私は「友だちといて誇らしい」を知っています。,hard,true
G5-434,slow key,遅い鍵,5,daily_life,日常生活,,I know slow key.,私は「遅い鍵」を知っています。,hard,true
G5-435,clean pineapple,きれいなパイナップル,5,fruit,果物,,I know clean pineapple.,私は「きれいなパイナップル」を知っています。,hard,true
G5-436,long scooter,長いスクーター,5,vehicle,乗り物,,I know long scooter.,私は「長いスクーター」を知っています。,hard,true
G5-437,school gray,学校で使う灰色,5,color,色,,I know school gray.,私は「学校で使う灰色」を知っています。,hard,true
G5-438,slow elephant,遅いぞう,5,animal,動物,,I know slow elephant.,私は「遅いぞう」を知っています。,hard,true
G5-439,slow curry,遅いカレー,5,food,食べ物,,I know slow curry.,私は「遅いカレー」を知っています。,hard,true
G5-440,clean parent,きれいな親,5,family,家族,,I know clean parent.,私は「きれいな親」を知っています。,hard,true
G5-441,slow test,遅いテスト,5,school,学校,,I know slow test.,私は「遅いテスト」を知っています。,hard,true
G5-442,grade 5 Wednesday morning,5年生の水曜日の朝,5,day_week,曜日,,I know grade 5 Wednesday morning.,私は「5年生の水曜日の朝」を知っています。,hard,true
G5-443,spring rain,春の雨,5,weather,天気,,I know spring rain.,私は「春の雨」を知っています。,hard,true
G5-444,slow hair,遅い髪,5,body,体,,I know slow hair.,私は「遅い髪」を知っています。,hard,true
G5-445,slow garden,遅い庭,5,house,家の中,,I know slow garden.,私は「遅い庭」を知っています。,hard,true
G5-446,kind writer,親切な作家,5,job,職業,,I know kind writer.,私は「親切な作家」を知っています。,hard,true
G5-447,at school proud,学校で誇らしい,5,feeling,気持ち,,I know at school proud.,私は「学校で誇らしい」を知っています。,hard,true
G5-448,slow future,遅い未来,5,daily_life,日常生活,,I know slow future.,私は「遅い未来」を知っています。,hard,true
G5-449,clean kiwi,きれいなキウイ,5,fruit,果物,,I know clean kiwi.,私は「きれいなキウイ」を知っています。,hard,true
G5-450,short scooter,短いスクーター,5,vehicle,乗り物,,I know short scooter.,私は「短いスクーター」を知っています。,hard,true
G5-451,basic gray,基本の灰色,5,color,色,,I know basic gray.,私は「基本の灰色」を知っています。,hard,true
G5-452,slow giraffe,遅いキリン,5,animal,動物,,I know slow giraffe.,私は「遅いキリン」を知っています。,hard,true
G5-453,slow tea,遅いお茶,5,food,食べ物,,I know slow tea.,私は「遅いお茶」を知っています。,hard,true
G5-454,clean child,きれいな子ども,5,family,家族,,I know clean child.,私は「きれいな子ども」を知っています。,hard,true
G5-455,slow map,遅い地図,5,school,学校,,I know slow map.,私は「遅い地図」を知っています。,hard,true
G5-456,grade 5 Wednesday afternoon,5年生の水曜日の午後,5,day_week,曜日,,I know grade 5 Wednesday afternoon.,私は「5年生の水曜日の午後」を知っています。,hard,true
G5-457,summer rain,夏の雨,5,weather,天気,,I know summer rain.,私は「夏の雨」を知っています。,hard,true
G5-458,slow neck,遅い首,5,body,体,,I know slow neck.,私は「遅い首」を知っています。,hard,true
G5-459,slow stairs,遅い階段,5,house,家の中,,I know slow stairs.,私は「遅い階段」を知っています。,hard,true
G5-460,busy writer,忙しい作家,5,job,職業,,I know busy writer.,私は「忙しい作家」を知っています。,hard,true
G5-461,at home proud,家で誇らしい,5,feeling,気持ち,,I know at home proud.,私は「家で誇らしい」を知っています。,hard,true
G5-462,slow dream,遅い夢,5,daily_life,日常生活,,I know slow dream.,私は「遅い夢」を知っています。,hard,true
G5-463,clean mango,きれいなマンゴー,5,fruit,果物,,I know clean mango.,私は「きれいなマンゴー」を知っています。,hard,true
G5-464,passenger scooter,乗客用のスクーター,5,vehicle,乗り物,,I know passenger scooter.,私は「乗客用のスクーター」を知っています。,hard,true
G5-465,pretty gray,きれいな灰色,5,color,色,,I know pretty gray.,私は「きれいな灰色」を知っています。,hard,true
G5-466,slow zebra,遅いシマウマ,5,animal,動物,,I know slow zebra.,私は「遅いシマウマ」を知っています。,hard,true
G5-467,slow water,遅い水,5,food,食べ物,,I know slow water.,私は「遅い水」を知っています。,hard,true
G5-468,clean family,きれいな家族,5,family,家族,,I know clean family.,私は「きれいな家族」を知っています。,hard,true
G5-469,slow globe,遅い地球儀,5,school,学校,,I know slow globe.,私は「遅い地球儀」を知っています。,hard,true
G5-470,grade 5 Wednesday evening,5年生の水曜日の夕方,5,day_week,曜日,,I know grade 5 Wednesday evening.,私は「5年生の水曜日の夕方」を知っています。,hard,true
G5-471,fall rain,秋の雨,5,weather,天気,,I know fall rain.,私は「秋の雨」を知っています。,hard,true
G5-472,slow back,遅い背中,5,body,体,,I know slow back.,私は「遅い背中」を知っています。,hard,true
G5-473,slow mirror,遅い鏡,5,house,家の中,,I know slow mirror.,私は「遅い鏡」を知っています。,hard,true
G5-474,new writer,新しい作家,5,job,職業,,I know new writer.,私は「新しい作家」を知っています。,hard,true
G5-475,on Monday proud,月曜日に誇らしい,5,feeling,気持ち,,I know on Monday proud.,私は「月曜日に誇らしい」を知っています。,hard,true
G5-476,slow plan,遅い計画,5,daily_life,日常生活,,I know slow plan.,私は「遅い計画」を知っています。,hard,true
G5-477,clean plum,きれいなすもも,5,fruit,果物,,I know clean plum.,私は「きれいなすもも」を知っています。,hard,true
G5-478,cargo scooter,荷物用のスクーター,5,vehicle,乗り物,,I know cargo scooter.,私は「荷物用のスクーター」を知っています。,hard,true
G5-479,simple gray,かんたんな灰色,5,color,色,,I know simple gray.,私は「かんたんな灰色」を知っています。,hard,true
G5-480,slow kangaroo,遅いカンガルー,5,animal,動物,,I know slow kangaroo.,私は「遅いカンガルー」を知っています。,hard,true
G5-481,slow juice,遅いジュース,5,food,食べ物,,I know slow juice.,私は「遅いジュース」を知っています。,hard,true
G5-482,clean daughter,きれいな娘,5,family,家族,,I know clean daughter.,私は「きれいな娘」を知っています。,hard,true
G5-483,slow library,遅い図書館,5,school,学校,,I know slow library.,私は「遅い図書館」を知っています。,hard,true
G5-484,grade 5 Wednesday night,5年生の水曜日の夜,5,day_week,曜日,,I know grade 5 Wednesday night.,私は「5年生の水曜日の夜」を知っています。,hard,true
G5-485,winter rain,冬の雨,5,weather,天気,,I know winter rain.,私は「冬の雨」を知っています。,hard,true
G5-486,slow stomach,遅いおなか,5,body,体,,I know slow stomach.,私は「遅いおなか」を知っています。,hard,true
G5-487,slow shelf,遅い棚,5,house,家の中,,I know slow shelf.,私は「遅い棚」を知っています。,hard,true
G5-488,famous writer,有名な作家,5,job,職業,,I know famous writer.,私は「有名な作家」を知っています。,hard,true
G5-489,in the morning proud,朝に誇らしい,5,feeling,気持ち,,I know in the morning proud.,私は「朝に誇らしい」を知っています。,hard,true
G5-490,slow rule,遅いルール,5,daily_life,日常生活,,I know slow rule.,私は「遅いルール」を知っています。,hard,true
G5-491,clean fig,きれいないちじく,5,fruit,果物,,I know clean fig.,私は「きれいないちじく」を知っています。,hard,true
G5-492,rescue scooter,救助用のスクーター,5,vehicle,乗り物,,I know rescue scooter.,私は「救助用のスクーター」を知っています。,hard,true
G5-493,new gray,新しい灰色,5,color,色,,I know new gray.,私は「新しい灰色」を知っています。,hard,true
G5-494,slow koala,遅いコアラ,5,animal,動物,,I know slow koala.,私は「遅いコアラ」を知っています。,hard,true
G5-495,slow yogurt,遅いヨーグルト,5,food,食べ物,,I know slow yogurt.,私は「遅いヨーグルト」を知っています。,hard,true
G5-496,clean son,きれいな息子,5,family,家族,,I know clean son.,私は「きれいな息子」を知っています。,hard,true
G5-497,slow marker,遅いマーカー,5,school,学校,,I know slow marker.,私は「遅いマーカー」を知っています。,hard,true
G5-498,grade 5 Wednesday class,5年生の水曜日の授業,5,day_week,曜日,,I know grade 5 Wednesday class.,私は「5年生の水曜日の授業」を知っています。,hard,true
G5-499,evening is rain,夕方は雨,5,weather,天気,,I know evening is rain.,私は「夕方は雨」を知っています。,hard,true
G5-500,slow voice,遅い声,5,body,体,,I know slow voice.,私は「遅い声」を知っています。,hard,true
G6-001,quiet apple,静かなりんご,6,fruit,果物,,I know quiet apple.,私は「静かなりんご」を知っています。,hard,true
G6-002,toy helicopter,おもちゃのヘリコプター,6,vehicle,乗り物,,I know toy helicopter.,私は「おもちゃのヘリコプター」を知っています。,hard,true
G6-003,light gold,明るい金色,6,color,色,,I know light gold.,私は「明るい金色」を知っています。,hard,true
G6-004,good dog,よい犬,6,animal,動物,,I know good dog.,私は「よい犬」を知っています。,hard,true
G6-005,good rice,よいごはん,6,food,食べ物,,I know good rice.,私は「よいごはん」を知っています。,hard,true
G6-006,quiet mother,静かな母,6,family,家族,,I know quiet mother.,私は「静かな母」を知っています。,hard,true
G6-007,good school,よい学校,6,school,学校,,I know good school.,私は「よい学校」を知っています。,hard,true
G6-008,grade 6 Thursday morning,6年生の木曜日の朝,6,day_week,曜日,,I know grade 6 Thursday morning.,私は「6年生の木曜日の朝」を知っています。,hard,true
G6-009,today is snow,今日は雪,6,weather,天気,,I know today is snow.,私は「今日は雪」を知っています。,hard,true
G6-010,good head,よい頭,6,body,体,,I know good head.,私は「よい頭」を知っています。,hard,true
G6-011,good house,よい家,6,house,家の中,,I know good house.,私は「よい家」を知っています。,hard,true
G6-012,school police officer,学校の警察官,6,job,職業,,I know school police officer.,私は「学校の警察官」を知っています。,hard,true
G6-013,very bored,とても退屈な,6,feeling,気持ち,,I know very bored.,私は「とても退屈な」を知っています。,hard,true
G6-014,good friend,よい友だち,6,daily_life,日常生活,,I know good friend.,私は「よい友だち」を知っています。,hard,true
G6-015,quiet banana,静かなバナナ,6,fruit,果物,,I know quiet banana.,私は「静かなバナナ」を知っています。,hard,true
G6-016,model helicopter,模型のヘリコプター,6,vehicle,乗り物,,I know model helicopter.,私は「模型のヘリコプター」を知っています。,hard,true
G6-017,dark gold,濃い金色,6,color,色,,I know dark gold.,私は「濃い金色」を知っています。,hard,true
G6-018,good cat,よいねこ,6,animal,動物,,I know good cat.,私は「よいねこ」を知っています。,hard,true
G6-019,good bread,よいパン,6,food,食べ物,,I know good bread.,私は「よいパン」を知っています。,hard,true
G6-020,quiet father,静かな父,6,family,家族,,I know quiet father.,私は「静かな父」を知っています。,hard,true
G6-021,good book,よい本,6,school,学校,,I know good book.,私は「よい本」を知っています。,hard,true
G6-022,grade 6 Thursday afternoon,6年生の木曜日の午後,6,day_week,曜日,,I know grade 6 Thursday afternoon.,私は「6年生の木曜日の午後」を知っています。,hard,true
G6-023,tomorrow is snow,明日は雪,6,weather,天気,,I know tomorrow is snow.,私は「明日は雪」を知っています。,hard,true
G6-024,good face,よい顔,6,body,体,,I know good face.,私は「よい顔」を知っています。,hard,true
G6-025,good room,よい部屋,6,house,家の中,,I know good room.,私は「よい部屋」を知っています。,hard,true
G6-026,hospital police officer,病院の警察官,6,job,職業,,I know hospital police officer.,私は「病院の警察官」を知っています。,hard,true
G6-027,a little bored,少し退屈な,6,feeling,気持ち,,I know a little bored.,私は「少し退屈な」を知っています。,hard,true
G6-028,good game,よいゲーム,6,daily_life,日常生活,,I know good game.,私は「よいゲーム」を知っています。,hard,true
G6-029,quiet orange,静かなオレンジ,6,fruit,果物,,I know quiet orange.,私は「静かなオレンジ」を知っています。,hard,true
G6-030,electric helicopter,電動のヘリコプター,6,vehicle,乗り物,,I know electric helicopter.,私は「電動のヘリコプター」を知っています。,hard,true
G6-031,deep gold,深い金色,6,color,色,,I know deep gold.,私は「深い金色」を知っています。,hard,true
G6-032,good bird,よい鳥,6,animal,動物,,I know good bird.,私は「よい鳥」を知っています。,hard,true
G6-033,good milk,よい牛乳,6,food,食べ物,,I know good milk.,私は「よい牛乳」を知っています。,hard,true
G6-034,quiet sister,静かな姉妹,6,family,家族,,I know quiet sister.,私は「静かな姉妹」を知っています。,hard,true
G6-035,good pencil,よい鉛筆,6,school,学校,,I know good pencil.,私は「よい鉛筆」を知っています。,hard,true
G6-036,grade 6 Thursday evening,6年生の木曜日の夕方,6,day_week,曜日,,I know grade 6 Thursday evening.,私は「6年生の木曜日の夕方」を知っています。,hard,true
G6-037,morning is snow,朝は雪,6,weather,天気,,I know morning is snow.,私は「朝は雪」を知っています。,hard,true
G6-038,good eye,よい目,6,body,体,,I know good eye.,私は「よい目」を知っています。,hard,true
G6-039,good kitchen,よい台所,6,house,家の中,,I know good kitchen.,私は「よい台所」を知っています。,hard,true
G6-040,town police officer,町の警察官,6,job,職業,,I know town police officer.,私は「町の警察官」を知っています。,hard,true
G6-041,still bored,まだ退屈な,6,feeling,気持ち,,I know still bored.,私は「まだ退屈な」を知っています。,hard,true
G6-042,good music,よい音楽,6,daily_life,日常生活,,I know good music.,私は「よい音楽」を知っています。,hard,true
G6-043,quiet grape,静かなぶどう,6,fruit,果物,,I know quiet grape.,私は「静かなぶどう」を知っています。,hard,true
G6-044,fast helicopter,速いヘリコプター,6,vehicle,乗り物,,I know fast helicopter.,私は「速いヘリコプター」を知っています。,hard,true
G6-045,pale gold,淡い金色,6,color,色,,I know pale gold.,私は「淡い金色」を知っています。,hard,true
G6-046,good fish,よい魚,6,animal,動物,,I know good fish.,私は「よい魚」を知っています。,hard,true
G6-047,good egg,よい卵,6,food,食べ物,,I know good egg.,私は「よい卵」を知っています。,hard,true
G6-048,quiet brother,静かな兄弟,6,family,家族,,I know quiet brother.,私は「静かな兄弟」を知っています。,hard,true
G6-049,good pen,よいペン,6,school,学校,,I know good pen.,私は「よいペン」を知っています。,hard,true
G6-050,grade 6 Thursday night,6年生の木曜日の夜,6,day_week,曜日,,I know grade 6 Thursday night.,私は「6年生の木曜日の夜」を知っています。,hard,true
G6-051,afternoon is snow,午後は雪,6,weather,天気,,I know afternoon is snow.,私は「午後は雪」を知っています。,hard,true
G6-052,good ear,よい耳,6,body,体,,I know good ear.,私は「よい耳」を知っています。,hard,true
G6-053,good bedroom,よい寝室,6,house,家の中,,I know good bedroom.,私は「よい寝室」を知っています。,hard,true
G6-054,airport police officer,空港の警察官,6,job,職業,,I know airport police officer.,私は「空港の警察官」を知っています。,hard,true
G6-055,really bored,本当に退屈な,6,feeling,気持ち,,I know really bored.,私は「本当に退屈な」を知っています。,hard,true
G6-056,good sport,よいスポーツ,6,daily_life,日常生活,,I know good sport.,私は「よいスポーツ」を知っています。,hard,true
G6-057,quiet melon,静かなメロン,6,fruit,果物,,I know quiet melon.,私は「静かなメロン」を知っています。,hard,true
G6-058,slow helicopter,ゆっくりのヘリコプター,6,vehicle,乗り物,,I know slow helicopter.,私は「ゆっくりのヘリコプター」を知っています。,hard,true
G6-059,soft gold,やわらかい金色,6,color,色,,I know soft gold.,私は「やわらかい金色」を知っています。,hard,true
G6-060,good rabbit,よいうさぎ,6,animal,動物,,I know good rabbit.,私は「よいうさぎ」を知っています。,hard,true
G6-061,good cheese,よいチーズ,6,food,食べ物,,I know good cheese.,私は「よいチーズ」を知っています。,hard,true
G6-062,quiet grandmother,静かな祖母,6,family,家族,,I know quiet grandmother.,私は「静かな祖母」を知っています。,hard,true
G6-063,good eraser,よい消しゴム,6,school,学校,,I know good eraser.,私は「よい消しゴム」を知っています。,hard,true
G6-064,grade 6 Thursday class,6年生の木曜日の授業,6,day_week,曜日,,I know grade 6 Thursday class.,私は「6年生の木曜日の授業」を知っています。,hard,true
G6-065,weekend is snow,週末は雪,6,weather,天気,,I know weekend is snow.,私は「週末は雪」を知っています。,hard,true
G6-066,good nose,よい鼻,6,body,体,,I know good nose.,私は「よい鼻」を知っています。,hard,true
G6-067,good bathroom,よい浴室,6,house,家の中,,I know good bathroom.,私は「よい浴室」を知っています。,hard,true
G6-068,station police officer,駅の警察官,6,job,職業,,I know station police officer.,私は「駅の警察官」を知っています。,hard,true
G6-069,sometimes bored,時々退屈な,6,feeling,気持ち,,I know sometimes bored.,私は「時々退屈な」を知っています。,hard,true
G6-070,good club,よいクラブ,6,daily_life,日常生活,,I know good club.,私は「よいクラブ」を知っています。,hard,true
G6-071,quiet peach,静かなもも,6,fruit,果物,,I know quiet peach.,私は「静かなもも」を知っています。,hard,true
G6-072,safe helicopter,安全なヘリコプター,6,vehicle,乗り物,,I know safe helicopter.,私は「安全なヘリコプター」を知っています。,hard,true
G6-073,bright gold,鮮やかな金色,6,color,色,,I know bright gold.,私は「鮮やかな金色」を知っています。,hard,true
G6-074,good horse,よい馬,6,animal,動物,,I know good horse.,私は「よい馬」を知っています。,hard,true
G6-075,good meat,よい肉,6,food,食べ物,,I know good meat.,私は「よい肉」を知っています。,hard,true
G6-076,quiet grandfather,静かな祖父,6,family,家族,,I know quiet grandfather.,私は「静かな祖父」を知っています。,hard,true
G6-077,good ruler,よいものさし,6,school,学校,,I know good ruler.,私は「よいものさし」を知っています。,hard,true
G6-078,grade 6 Friday morning,6年生の金曜日の朝,6,day_week,曜日,,I know grade 6 Friday morning.,私は「6年生の金曜日の朝」を知っています。,hard,true
G6-079,this week is snow,今週は雪,6,weather,天気,,I know this week is snow.,私は「今週は雪」を知っています。,hard,true
G6-080,good mouth,よい口,6,body,体,,I know good mouth.,私は「よい口」を知っています。,hard,true
G6-081,good door,よいドア,6,house,家の中,,I know good door.,私は「よいドア」を知っています。,hard,true
G6-082,zoo police officer,動物園の警察官,6,job,職業,,I know zoo police officer.,私は「動物園の警察官」を知っています。,hard,true
G6-083,today bored,今日は退屈な,6,feeling,気持ち,,I know today bored.,私は「今日は退屈な」を知っています。,hard,true
G6-084,good birthday,よい誕生日,6,daily_life,日常生活,,I know good birthday.,私は「よい誕生日」を知っています。,hard,true
G6-085,quiet pear,静かななし,6,fruit,果物,,I know quiet pear.,私は「静かななし」を知っています。,hard,true
G6-086,new helicopter,新しいヘリコプター,6,vehicle,乗り物,,I know new helicopter.,私は「新しいヘリコプター」を知っています。,hard,true
G6-087,clear gold,はっきりした金色,6,color,色,,I know clear gold.,私は「はっきりした金色」を知っています。,hard,true
G6-088,good cow,よい牛,6,animal,動物,,I know good cow.,私は「よい牛」を知っています。,hard,true
G6-089,good chicken,よい鶏肉,6,food,食べ物,,I know good chicken.,私は「よい鶏肉」を知っています。,hard,true
G6-090,quiet aunt,静かなおば,6,family,家族,,I know quiet aunt.,私は「静かなおば」を知っています。,hard,true
G6-091,good notebook,よいノート,6,school,学校,,I know good notebook.,私は「よいノート」を知っています。,hard,true
G6-092,grade 6 Friday afternoon,6年生の金曜日の午後,6,day_week,曜日,,I know grade 6 Friday afternoon.,私は「6年生の金曜日の午後」を知っています。,hard,true
G6-093,next week is snow,来週は雪,6,weather,天気,,I know next week is snow.,私は「来週は雪」を知っています。,hard,true
G6-094,good tooth,よい歯,6,body,体,,I know good tooth.,私は「よい歯」を知っています。,hard,true
G6-095,good window,よい窓,6,house,家の中,,I know good window.,私は「よい窓」を知っています。,hard,true
G6-096,museum police officer,博物館の警察官,6,job,職業,,I know museum police officer.,私は「博物館の警察官」を知っています。,hard,true
G6-097,now bored,今退屈な,6,feeling,気持ち,,I know now bored.,私は「今退屈な」を知っています。,hard,true
G6-098,good holiday,よい休日,6,daily_life,日常生活,,I know good holiday.,私は「よい休日」を知っています。,hard,true
G6-099,quiet lemon,静かなレモン,6,fruit,果物,,I know quiet lemon.,私は「静かなレモン」を知っています。,hard,true
G6-100,old helicopter,古いヘリコプター,6,vehicle,乗り物,,I know old helicopter.,私は「古いヘリコプター」を知っています。,hard,true
G6-101,warm gold,暖かい金色,6,color,色,,I know warm gold.,私は「暖かい金色」を知っています。,hard,true
G6-102,good pig,よいぶた,6,animal,動物,,I know good pig.,私は「よいぶた」を知っています。,hard,true
G6-103,good fish,よい魚,6,food,食べ物,,I know good fish.,私は「よい魚」を知っています。,hard,true
G6-104,quiet uncle,静かなおじ,6,family,家族,,I know quiet uncle.,私は「静かなおじ」を知っています。,hard,true
G6-105,good desk,よい机,6,school,学校,,I know good desk.,私は「よい机」を知っています。,hard,true
G6-106,grade 6 Friday evening,6年生の金曜日の夕方,6,day_week,曜日,,I know grade 6 Friday evening.,私は「6年生の金曜日の夕方」を知っています。,hard,true
G6-107,school day is snow,学校の日は雪,6,weather,天気,,I know school day is snow.,私は「学校の日は雪」を知っています。,hard,true
G6-108,good hand,よい手,6,body,体,,I know good hand.,私は「よい手」を知っています。,hard,true
G6-109,good floor,よい床,6,house,家の中,,I know good floor.,私は「よい床」を知っています。,hard,true
G6-110,restaurant police officer,レストランの警察官,6,job,職業,,I know restaurant police officer.,私は「レストランの警察官」を知っています。,hard,true
G6-111,after class bored,授業の後で退屈な,6,feeling,気持ち,,I know after class bored.,私は「授業の後で退屈な」を知っています。,hard,true
G6-112,good money,よいお金,6,daily_life,日常生活,,I know good money.,私は「よいお金」を知っています。,hard,true
G6-113,quiet cherry,静かなさくらんぼ,6,fruit,果物,,I know quiet cherry.,私は「静かなさくらんぼ」を知っています。,hard,true
G6-114,small helicopter,小型のヘリコプター,6,vehicle,乗り物,,I know small helicopter.,私は「小型のヘリコプター」を知っています。,hard,true
G6-115,cool gold,涼しげな金色,6,color,色,,I know cool gold.,私は「涼しげな金色」を知っています。,hard,true
G6-116,good sheep,よい羊,6,animal,動物,,I know good sheep.,私は「よい羊」を知っています。,hard,true
G6-117,good soup,よいスープ,6,food,食べ物,,I know good soup.,私は「よいスープ」を知っています。,hard,true
G6-118,quiet cousin,静かないとこ,6,family,家族,,I know quiet cousin.,私は「静かないとこ」を知っています。,hard,true
G6-119,good chair,よいいす,6,school,学校,,I know good chair.,私は「よいいす」を知っています。,hard,true
G6-120,grade 6 Friday night,6年生の金曜日の夜,6,day_week,曜日,,I know grade 6 Friday night.,私は「6年生の金曜日の夜」を知っています。,hard,true
G6-121,holiday is snow,休日は雪,6,weather,天気,,I know holiday is snow.,私は「休日は雪」を知っています。,hard,true
G6-122,good finger,よい指,6,body,体,,I know good finger.,私は「よい指」を知っています。,hard,true
G6-123,good wall,よい壁,6,house,家の中,,I know good wall.,私は「よい壁」を知っています。,hard,true
G6-124,farm police officer,農場の警察官,6,job,職業,,I know farm police officer.,私は「農場の警察官」を知っています。,hard,true
G6-125,before test bored,テスト前に退屈な,6,feeling,気持ち,,I know before test bored.,私は「テスト前に退屈な」を知っています。,hard,true
G6-126,good ticket,よい切符,6,daily_life,日常生活,,I know good ticket.,私は「よい切符」を知っています。,hard,true
G6-127,quiet strawberry,静かないちご,6,fruit,果物,,I know quiet strawberry.,私は「静かないちご」を知っています。,hard,true
G6-128,large helicopter,大型のヘリコプター,6,vehicle,乗り物,,I know large helicopter.,私は「大型のヘリコプター」を知っています。,hard,true
G6-129,favorite gold,好きな金色,6,color,色,,I know favorite gold.,私は「好きな金色」を知っています。,hard,true
G6-130,good goat,よいやぎ,6,animal,動物,,I know good goat.,私は「よいやぎ」を知っています。,hard,true
G6-131,good salad,よいサラダ,6,food,食べ物,,I know good salad.,私は「よいサラダ」を知っています。,hard,true
G6-132,quiet baby,静かな赤ちゃん,6,family,家族,,I know quiet baby.,私は「静かな赤ちゃん」を知っています。,hard,true
G6-133,good classroom,よい教室,6,school,学校,,I know good classroom.,私は「よい教室」を知っています。,hard,true
G6-134,grade 6 Friday class,6年生の金曜日の授業,6,day_week,曜日,,I know grade 6 Friday class.,私は「6年生の金曜日の授業」を知っています。,hard,true
G6-135,outside is snow,外は雪,6,weather,天気,,I know outside is snow.,私は「外は雪」を知っています。,hard,true
G6-136,good arm,よい腕,6,body,体,,I know good arm.,私は「よい腕」を知っています。,hard,true
G6-137,good roof,よい屋根,6,house,家の中,,I know good roof.,私は「よい屋根」を知っています。,hard,true
G6-138,library police officer,図書館の警察官,6,job,職業,,I know library police officer.,私は「図書館の警察官」を知っています。,hard,true
G6-139,with friends bored,友だちといて退屈な,6,feeling,気持ち,,I know with friends bored.,私は「友だちといて退屈な」を知っています。,hard,true
G6-140,good phone,よい電話,6,daily_life,日常生活,,I know good phone.,私は「よい電話」を知っています。,hard,true
G6-141,quiet pineapple,静かなパイナップル,6,fruit,果物,,I know quiet pineapple.,私は「静かなパイナップル」を知っています。,hard,true
G6-142,long helicopter,長いヘリコプター,6,vehicle,乗り物,,I know long helicopter.,私は「長いヘリコプター」を知っています。,hard,true
G6-143,school gold,学校で使う金色,6,color,色,,I know school gold.,私は「学校で使う金色」を知っています。,hard,true
G6-144,good lion,よいライオン,6,animal,動物,,I know good lion.,私は「よいライオン」を知っています。,hard,true
G6-145,good cake,よいケーキ,6,food,食べ物,,I know good cake.,私は「よいケーキ」を知っています。,hard,true
G6-146,quiet parent,静かな親,6,family,家族,,I know quiet parent.,私は「静かな親」を知っています。,hard,true
G6-147,good teacher,よい先生,6,school,学校,,I know good teacher.,私は「よい先生」を知っています。,hard,true
G6-148,grade 6 Saturday morning,6年生の土曜日の朝,6,day_week,曜日,,I know grade 6 Saturday morning.,私は「6年生の土曜日の朝」を知っています。,hard,true
G6-149,spring snow,春の雪,6,weather,天気,,I know spring snow.,私は「春の雪」を知っています。,hard,true
G6-150,good leg,よい脚,6,body,体,,I know good leg.,私は「よい脚」を知っています。,hard,true
G6-151,good bed,よいベッド,6,house,家の中,,I know good bed.,私は「よいベッド」を知っています。,hard,true
G6-152,kind police officer,親切な警察官,6,job,職業,,I know kind police officer.,私は「親切な警察官」を知っています。,hard,true
G6-153,at school bored,学校で退屈な,6,feeling,気持ち,,I know at school bored.,私は「学校で退屈な」を知っています。,hard,true
G6-154,good photo,よい写真,6,daily_life,日常生活,,I know good photo.,私は「よい写真」を知っています。,hard,true
G6-155,quiet kiwi,静かなキウイ,6,fruit,果物,,I know quiet kiwi.,私は「静かなキウイ」を知っています。,hard,true
G6-156,short helicopter,短いヘリコプター,6,vehicle,乗り物,,I know short helicopter.,私は「短いヘリコプター」を知っています。,hard,true
G6-157,basic gold,基本の金色,6,color,色,,I know basic gold.,私は「基本の金色」を知っています。,hard,true
G6-158,good tiger,よいトラ,6,animal,動物,,I know good tiger.,私は「よいトラ」を知っています。,hard,true
G6-159,good cookie,よいクッキー,6,food,食べ物,,I know good cookie.,私は「よいクッキー」を知っています。,hard,true
G6-160,quiet child,静かな子ども,6,family,家族,,I know quiet child.,私は「静かな子ども」を知っています。,hard,true
G6-161,good student,よい生徒,6,school,学校,,I know good student.,私は「よい生徒」を知っています。,hard,true
G6-162,grade 6 Saturday afternoon,6年生の土曜日の午後,6,day_week,曜日,,I know grade 6 Saturday afternoon.,私は「6年生の土曜日の午後」を知っています。,hard,true
G6-163,summer snow,夏の雪,6,weather,天気,,I know summer snow.,私は「夏の雪」を知っています。,hard,true
G6-164,good foot,よい足,6,body,体,,I know good foot.,私は「よい足」を知っています。,hard,true
G6-165,good table,よいテーブル,6,house,家の中,,I know good table.,私は「よいテーブル」を知っています。,hard,true
G6-166,busy police officer,忙しい警察官,6,job,職業,,I know busy police officer.,私は「忙しい警察官」を知っています。,hard,true
G6-167,at home bored,家で退屈な,6,feeling,気持ち,,I know at home bored.,私は「家で退屈な」を知っています。,hard,true
G6-168,good letter,よい手紙,6,daily_life,日常生活,,I know good letter.,私は「よい手紙」を知っています。,hard,true
G6-169,quiet mango,静かなマンゴー,6,fruit,果物,,I know quiet mango.,私は「静かなマンゴー」を知っています。,hard,true
G6-170,passenger helicopter,乗客用のヘリコプター,6,vehicle,乗り物,,I know passenger helicopter.,私は「乗客用のヘリコプター」を知っています。,hard,true
G6-171,pretty gold,きれいな金色,6,color,色,,I know pretty gold.,私は「きれいな金色」を知っています。,hard,true
G6-172,good bear,よいくま,6,animal,動物,,I know good bear.,私は「よいくま」を知っています。,hard,true
G6-173,good pizza,よいピザ,6,food,食べ物,,I know good pizza.,私は「よいピザ」を知っています。,hard,true
G6-174,quiet family,静かな家族,6,family,家族,,I know quiet family.,私は「静かな家族」を知っています。,hard,true
G6-175,good homework,よい宿題,6,school,学校,,I know good homework.,私は「よい宿題」を知っています。,hard,true
G6-176,grade 6 Saturday evening,6年生の土曜日の夕方,6,day_week,曜日,,I know grade 6 Saturday evening.,私は「6年生の土曜日の夕方」を知っています。,hard,true
G6-177,fall snow,秋の雪,6,weather,天気,,I know fall snow.,私は「秋の雪」を知っています。,hard,true
G6-178,good shoulder,よい肩,6,body,体,,I know good shoulder.,私は「よい肩」を知っています。,hard,true
G6-179,good sofa,よいソファ,6,house,家の中,,I know good sofa.,私は「よいソファ」を知っています。,hard,true
G6-180,new police officer,新しい警察官,6,job,職業,,I know new police officer.,私は「新しい警察官」を知っています。,hard,true
G6-181,on Monday bored,月曜日に退屈な,6,feeling,気持ち,,I know on Monday bored.,私は「月曜日に退屈な」を知っています。,hard,true
G6-182,good bag,よいかばん,6,daily_life,日常生活,,I know good bag.,私は「よいかばん」を知っています。,hard,true
G6-183,quiet plum,静かなすもも,6,fruit,果物,,I know quiet plum.,私は「静かなすもも」を知っています。,hard,true
G6-184,cargo helicopter,荷物用のヘリコプター,6,vehicle,乗り物,,I know cargo helicopter.,私は「荷物用のヘリコプター」を知っています。,hard,true
G6-185,simple gold,かんたんな金色,6,color,色,,I know simple gold.,私は「かんたんな金色」を知っています。,hard,true
G6-186,good monkey,よいさる,6,animal,動物,,I know good monkey.,私は「よいさる」を知っています。,hard,true
G6-187,good noodle,よいめん,6,food,食べ物,,I know good noodle.,私は「よいめん」を知っています。,hard,true
G6-188,quiet daughter,静かな娘,6,family,家族,,I know quiet daughter.,私は「静かな娘」を知っています。,hard,true
G6-189,good question,よい質問,6,school,学校,,I know good question.,私は「よい質問」を知っています。,hard,true
G6-190,grade 6 Saturday night,6年生の土曜日の夜,6,day_week,曜日,,I know grade 6 Saturday night.,私は「6年生の土曜日の夜」を知っています。,hard,true
G6-191,winter snow,冬の雪,6,weather,天気,,I know winter snow.,私は「冬の雪」を知っています。,hard,true
G6-192,good knee,よいひざ,6,body,体,,I know good knee.,私は「よいひざ」を知っています。,hard,true
G6-193,good lamp,よいランプ,6,house,家の中,,I know good lamp.,私は「よいランプ」を知っています。,hard,true
G6-194,famous police officer,有名な警察官,6,job,職業,,I know famous police officer.,私は「有名な警察官」を知っています。,hard,true
G6-195,in the morning bored,朝に退屈な,6,feeling,気持ち,,I know in the morning bored.,私は「朝に退屈な」を知っています。,hard,true
G6-196,good umbrella,よい傘,6,daily_life,日常生活,,I know good umbrella.,私は「よい傘」を知っています。,hard,true
G6-197,quiet fig,静かないちじく,6,fruit,果物,,I know quiet fig.,私は「静かないちじく」を知っています。,hard,true
G6-198,rescue helicopter,救助用のヘリコプター,6,vehicle,乗り物,,I know rescue helicopter.,私は「救助用のヘリコプター」を知っています。,hard,true
G6-199,new gold,新しい金色,6,color,色,,I know new gold.,私は「新しい金色」を知っています。,hard,true
G6-200,good panda,よいパンダ,6,animal,動物,,I know good panda.,私は「よいパンダ」を知っています。,hard,true
G6-201,good sandwich,よいサンドイッチ,6,food,食べ物,,I know good sandwich.,私は「よいサンドイッチ」を知っています。,hard,true
G6-202,quiet son,静かな息子,6,family,家族,,I know quiet son.,私は「静かな息子」を知っています。,hard,true
G6-203,good lesson,よい授業,6,school,学校,,I know good lesson.,私は「よい授業」を知っています。,hard,true
G6-204,grade 6 Saturday class,6年生の土曜日の授業,6,day_week,曜日,,I know grade 6 Saturday class.,私は「6年生の土曜日の授業」を知っています。,hard,true
G6-205,evening is snow,夕方は雪,6,weather,天気,,I know evening is snow.,私は「夕方は雪」を知っています。,hard,true
G6-206,good heart,よい心臓,6,body,体,,I know good heart.,私は「よい心臓」を知っています。,hard,true
G6-207,good clock,よい時計,6,house,家の中,,I know good clock.,私は「よい時計」を知っています。,hard,true
G6-208,young police officer,若い警察官,6,job,職業,,I know young police officer.,私は「若い警察官」を知っています。,hard,true
G6-209,at night bored,夜に退屈な,6,feeling,気持ち,,I know at night bored.,私は「夜に退屈な」を知っています。,hard,true
G6-210,good key,よい鍵,6,daily_life,日常生活,,I know good key.,私は「よい鍵」を知っています。,hard,true
G6-211,strong apple,強いりんご,6,fruit,果物,,I know strong apple.,私は「強いりんご」を知っています。,hard,true
G6-212,toy rocket,おもちゃのロケット,6,vehicle,乗り物,,I know toy rocket.,私は「おもちゃのロケット」を知っています。,hard,true
G6-213,light silver,明るい銀色,6,color,色,,I know light silver.,私は「明るい銀色」を知っています。,hard,true
G6-214,good elephant,よいぞう,6,animal,動物,,I know good elephant.,私は「よいぞう」を知っています。,hard,true
G6-215,good curry,よいカレー,6,food,食べ物,,I know good curry.,私は「よいカレー」を知っています。,hard,true
G6-216,strong mother,強い母,6,family,家族,,I know strong mother.,私は「強い母」を知っています。,hard,true
G6-217,good test,よいテスト,6,school,学校,,I know good test.,私は「よいテスト」を知っています。,hard,true
G6-218,grade 6 Sunday morning,6年生の日曜日の朝,6,day_week,曜日,,I know grade 6 Sunday morning.,私は「6年生の日曜日の朝」を知っています。,hard,true
G6-219,today is wind,今日は風,6,weather,天気,,I know today is wind.,私は「今日は風」を知っています。,hard,true
G6-220,good hair,よい髪,6,body,体,,I know good hair.,私は「よい髪」を知っています。,hard,true
G6-221,good garden,よい庭,6,house,家の中,,I know good garden.,私は「よい庭」を知っています。,hard,true
G6-222,school firefighter,学校の消防士,6,job,職業,,I know school firefighter.,私は「学校の消防士」を知っています。,hard,true
G6-223,very calm,とても落ち着いた,6,feeling,気持ち,,I know very calm.,私は「とても落ち着いた」を知っています。,hard,true
G6-224,good future,よい未来,6,daily_life,日常生活,,I know good future.,私は「よい未来」を知っています。,hard,true
G6-225,strong banana,強いバナナ,6,fruit,果物,,I know strong banana.,私は「強いバナナ」を知っています。,hard,true
G6-226,model rocket,模型のロケット,6,vehicle,乗り物,,I know model rocket.,私は「模型のロケット」を知っています。,hard,true
G6-227,dark silver,濃い銀色,6,color,色,,I know dark silver.,私は「濃い銀色」を知っています。,hard,true
G6-228,good giraffe,よいキリン,6,animal,動物,,I know good giraffe.,私は「よいキリン」を知っています。,hard,true
G6-229,good tea,よいお茶,6,food,食べ物,,I know good tea.,私は「よいお茶」を知っています。,hard,true
G6-230,strong father,強い父,6,family,家族,,I know strong father.,私は「強い父」を知っています。,hard,true
G6-231,good map,よい地図,6,school,学校,,I know good map.,私は「よい地図」を知っています。,hard,true
G6-232,grade 6 Sunday afternoon,6年生の日曜日の午後,6,day_week,曜日,,I know grade 6 Sunday afternoon.,私は「6年生の日曜日の午後」を知っています。,hard,true
G6-233,tomorrow is wind,明日は風,6,weather,天気,,I know tomorrow is wind.,私は「明日は風」を知っています。,hard,true
G6-234,good neck,よい首,6,body,体,,I know good neck.,私は「よい首」を知っています。,hard,true
G6-235,good stairs,よい階段,6,house,家の中,,I know good stairs.,私は「よい階段」を知っています。,hard,true
G6-236,hospital firefighter,病院の消防士,6,job,職業,,I know hospital firefighter.,私は「病院の消防士」を知っています。,hard,true
G6-237,a little calm,少し落ち着いた,6,feeling,気持ち,,I know a little calm.,私は「少し落ち着いた」を知っています。,hard,true
G6-238,good dream,よい夢,6,daily_life,日常生活,,I know good dream.,私は「よい夢」を知っています。,hard,true
G6-239,strong orange,強いオレンジ,6,fruit,果物,,I know strong orange.,私は「強いオレンジ」を知っています。,hard,true
G6-240,electric rocket,電動のロケット,6,vehicle,乗り物,,I know electric rocket.,私は「電動のロケット」を知っています。,hard,true
G6-241,deep silver,深い銀色,6,color,色,,I know deep silver.,私は「深い銀色」を知っています。,hard,true
G6-242,good zebra,よいシマウマ,6,animal,動物,,I know good zebra.,私は「よいシマウマ」を知っています。,hard,true
G6-243,good water,よい水,6,food,食べ物,,I know good water.,私は「よい水」を知っています。,hard,true
G6-244,strong sister,強い姉妹,6,family,家族,,I know strong sister.,私は「強い姉妹」を知っています。,hard,true
G6-245,good globe,よい地球儀,6,school,学校,,I know good globe.,私は「よい地球儀」を知っています。,hard,true
G6-246,grade 6 Sunday evening,6年生の日曜日の夕方,6,day_week,曜日,,I know grade 6 Sunday evening.,私は「6年生の日曜日の夕方」を知っています。,hard,true
G6-247,morning is wind,朝は風,6,weather,天気,,I know morning is wind.,私は「朝は風」を知っています。,hard,true
G6-248,good back,よい背中,6,body,体,,I know good back.,私は「よい背中」を知っています。,hard,true
G6-249,good mirror,よい鏡,6,house,家の中,,I know good mirror.,私は「よい鏡」を知っています。,hard,true
G6-250,town firefighter,町の消防士,6,job,職業,,I know town firefighter.,私は「町の消防士」を知っています。,hard,true
G6-251,still calm,まだ落ち着いた,6,feeling,気持ち,,I know still calm.,私は「まだ落ち着いた」を知っています。,hard,true
G6-252,good plan,よい計画,6,daily_life,日常生活,,I know good plan.,私は「よい計画」を知っています。,hard,true
G6-253,strong grape,強いぶどう,6,fruit,果物,,I know strong grape.,私は「強いぶどう」を知っています。,hard,true
G6-254,fast rocket,速いロケット,6,vehicle,乗り物,,I know fast rocket.,私は「速いロケット」を知っています。,hard,true
G6-255,pale silver,淡い銀色,6,color,色,,I know pale silver.,私は「淡い銀色」を知っています。,hard,true
G6-256,good kangaroo,よいカンガルー,6,animal,動物,,I know good kangaroo.,私は「よいカンガルー」を知っています。,hard,true
G6-257,good juice,よいジュース,6,food,食べ物,,I know good juice.,私は「よいジュース」を知っています。,hard,true
G6-258,strong brother,強い兄弟,6,family,家族,,I know strong brother.,私は「強い兄弟」を知っています。,hard,true
G6-259,good library,よい図書館,6,school,学校,,I know good library.,私は「よい図書館」を知っています。,hard,true
G6-260,grade 6 Sunday night,6年生の日曜日の夜,6,day_week,曜日,,I know grade 6 Sunday night.,私は「6年生の日曜日の夜」を知っています。,hard,true
G6-261,afternoon is wind,午後は風,6,weather,天気,,I know afternoon is wind.,私は「午後は風」を知っています。,hard,true
G6-262,good stomach,よいおなか,6,body,体,,I know good stomach.,私は「よいおなか」を知っています。,hard,true
G6-263,good shelf,よい棚,6,house,家の中,,I know good shelf.,私は「よい棚」を知っています。,hard,true
G6-264,airport firefighter,空港の消防士,6,job,職業,,I know airport firefighter.,私は「空港の消防士」を知っています。,hard,true
G6-265,really calm,本当に落ち着いた,6,feeling,気持ち,,I know really calm.,私は「本当に落ち着いた」を知っています。,hard,true
G6-266,good rule,よいルール,6,daily_life,日常生活,,I know good rule.,私は「よいルール」を知っています。,hard,true
G6-267,strong melon,強いメロン,6,fruit,果物,,I know strong melon.,私は「強いメロン」を知っています。,hard,true
G6-268,slow rocket,ゆっくりのロケット,6,vehicle,乗り物,,I know slow rocket.,私は「ゆっくりのロケット」を知っています。,hard,true
G6-269,soft silver,やわらかい銀色,6,color,色,,I know soft silver.,私は「やわらかい銀色」を知っています。,hard,true
G6-270,good koala,よいコアラ,6,animal,動物,,I know good koala.,私は「よいコアラ」を知っています。,hard,true
G6-271,good yogurt,よいヨーグルト,6,food,食べ物,,I know good yogurt.,私は「よいヨーグルト」を知っています。,hard,true
G6-272,strong grandmother,強い祖母,6,family,家族,,I know strong grandmother.,私は「強い祖母」を知っています。,hard,true
G6-273,good marker,よいマーカー,6,school,学校,,I know good marker.,私は「よいマーカー」を知っています。,hard,true
G6-274,grade 6 Sunday class,6年生の日曜日の授業,6,day_week,曜日,,I know grade 6 Sunday class.,私は「6年生の日曜日の授業」を知っています。,hard,true
G6-275,weekend is wind,週末は風,6,weather,天気,,I know weekend is wind.,私は「週末は風」を知っています。,hard,true
G6-276,good voice,よい声,6,body,体,,I know good voice.,私は「よい声」を知っています。,hard,true
G6-277,good closet,よいクローゼット,6,house,家の中,,I know good closet.,私は「よいクローゼット」を知っています。,hard,true
G6-278,station firefighter,駅の消防士,6,job,職業,,I know station firefighter.,私は「駅の消防士」を知っています。,hard,true
G6-279,sometimes calm,時々落ち着いた,6,feeling,気持ち,,I know sometimes calm.,私は「時々落ち着いた」を知っています。,hard,true
G6-280,good team,よいチーム,6,daily_life,日常生活,,I know good team.,私は「よいチーム」を知っています。,hard,true
G6-281,strong peach,強いもも,6,fruit,果物,,I know strong peach.,私は「強いもも」を知っています。,hard,true
G6-282,safe rocket,安全なロケット,6,vehicle,乗り物,,I know safe rocket.,私は「安全なロケット」を知っています。,hard,true
G6-283,bright silver,鮮やかな銀色,6,color,色,,I know bright silver.,私は「鮮やかな銀色」を知っています。,hard,true
G6-284,bad dog,悪い犬,6,animal,動物,,I know bad dog.,私は「悪い犬」を知っています。,hard,true
G6-285,bad rice,悪いごはん,6,food,食べ物,,I know bad rice.,私は「悪いごはん」を知っています。,hard,true
G6-286,strong grandfather,強い祖父,6,family,家族,,I know strong grandfather.,私は「強い祖父」を知っています。,hard,true
G6-287,bad school,悪い学校,6,school,学校,,I know bad school.,私は「悪い学校」を知っています。,hard,true
G6-288,grade 6 today morning,6年生の今日の朝,6,day_week,曜日,,I know grade 6 today morning.,私は「6年生の今日の朝」を知っています。,hard,true
G6-289,this week is wind,今週は風,6,weather,天気,,I know this week is wind.,私は「今週は風」を知っています。,hard,true
G6-290,bad head,悪い頭,6,body,体,,I know bad head.,私は「悪い頭」を知っています。,hard,true
G6-291,bad house,悪い家,6,house,家の中,,I know bad house.,私は「悪い家」を知っています。,hard,true
G6-292,zoo firefighter,動物園の消防士,6,job,職業,,I know zoo firefighter.,私は「動物園の消防士」を知っています。,hard,true
G6-293,today calm,今日は落ち着いた,6,feeling,気持ち,,I know today calm.,私は「今日は落ち着いた」を知っています。,hard,true
G6-294,bad friend,悪い友だち,6,daily_life,日常生活,,I know bad friend.,私は「悪い友だち」を知っています。,hard,true
G6-295,strong pear,強いなし,6,fruit,果物,,I know strong pear.,私は「強いなし」を知っています。,hard,true
G6-296,new rocket,新しいロケット,6,vehicle,乗り物,,I know new rocket.,私は「新しいロケット」を知っています。,hard,true
G6-297,clear silver,はっきりした銀色,6,color,色,,I know clear silver.,私は「はっきりした銀色」を知っています。,hard,true
G6-298,bad cat,悪いねこ,6,animal,動物,,I know bad cat.,私は「悪いねこ」を知っています。,hard,true
G6-299,bad bread,悪いパン,6,food,食べ物,,I know bad bread.,私は「悪いパン」を知っています。,hard,true
G6-300,strong aunt,強いおば,6,family,家族,,I know strong aunt.,私は「強いおば」を知っています。,hard,true
G6-301,bad book,悪い本,6,school,学校,,I know bad book.,私は「悪い本」を知っています。,hard,true
G6-302,grade 6 today afternoon,6年生の今日の午後,6,day_week,曜日,,I know grade 6 today afternoon.,私は「6年生の今日の午後」を知っています。,hard,true
G6-303,next week is wind,来週は風,6,weather,天気,,I know next week is wind.,私は「来週は風」を知っています。,hard,true
G6-304,bad face,悪い顔,6,body,体,,I know bad face.,私は「悪い顔」を知っています。,hard,true
G6-305,bad room,悪い部屋,6,house,家の中,,I know bad room.,私は「悪い部屋」を知っています。,hard,true
G6-306,museum firefighter,博物館の消防士,6,job,職業,,I know museum firefighter.,私は「博物館の消防士」を知っています。,hard,true
G6-307,now calm,今落ち着いた,6,feeling,気持ち,,I know now calm.,私は「今落ち着いた」を知っています。,hard,true
G6-308,bad game,悪いゲーム,6,daily_life,日常生活,,I know bad game.,私は「悪いゲーム」を知っています。,hard,true
G6-309,strong lemon,強いレモン,6,fruit,果物,,I know strong lemon.,私は「強いレモン」を知っています。,hard,true
G6-310,old rocket,古いロケット,6,vehicle,乗り物,,I know old rocket.,私は「古いロケット」を知っています。,hard,true
G6-311,warm silver,暖かい銀色,6,color,色,,I know warm silver.,私は「暖かい銀色」を知っています。,hard,true
G6-312,bad bird,悪い鳥,6,animal,動物,,I know bad bird.,私は「悪い鳥」を知っています。,hard,true
G6-313,bad milk,悪い牛乳,6,food,食べ物,,I know bad milk.,私は「悪い牛乳」を知っています。,hard,true
G6-314,strong uncle,強いおじ,6,family,家族,,I know strong uncle.,私は「強いおじ」を知っています。,hard,true
G6-315,bad pencil,悪い鉛筆,6,school,学校,,I know bad pencil.,私は「悪い鉛筆」を知っています。,hard,true
G6-316,grade 6 today evening,6年生の今日の夕方,6,day_week,曜日,,I know grade 6 today evening.,私は「6年生の今日の夕方」を知っています。,hard,true
G6-317,school day is wind,学校の日は風,6,weather,天気,,I know school day is wind.,私は「学校の日は風」を知っています。,hard,true
G6-318,bad eye,悪い目,6,body,体,,I know bad eye.,私は「悪い目」を知っています。,hard,true
G6-319,bad kitchen,悪い台所,6,house,家の中,,I know bad kitchen.,私は「悪い台所」を知っています。,hard,true
G6-320,restaurant firefighter,レストランの消防士,6,job,職業,,I know restaurant firefighter.,私は「レストランの消防士」を知っています。,hard,true
G6-321,after class calm,授業の後で落ち着いた,6,feeling,気持ち,,I know after class calm.,私は「授業の後で落ち着いた」を知っています。,hard,true
G6-322,bad music,悪い音楽,6,daily_life,日常生活,,I know bad music.,私は「悪い音楽」を知っています。,hard,true
G6-323,strong cherry,強いさくらんぼ,6,fruit,果物,,I know strong cherry.,私は「強いさくらんぼ」を知っています。,hard,true
G6-324,small rocket,小型のロケット,6,vehicle,乗り物,,I know small rocket.,私は「小型のロケット」を知っています。,hard,true
G6-325,cool silver,涼しげな銀色,6,color,色,,I know cool silver.,私は「涼しげな銀色」を知っています。,hard,true
G6-326,bad fish,悪い魚,6,animal,動物,,I know bad fish.,私は「悪い魚」を知っています。,hard,true
G6-327,bad egg,悪い卵,6,food,食べ物,,I know bad egg.,私は「悪い卵」を知っています。,hard,true
G6-328,strong cousin,強いいとこ,6,family,家族,,I know strong cousin.,私は「強いいとこ」を知っています。,hard,true
G6-329,bad pen,悪いペン,6,school,学校,,I know bad pen.,私は「悪いペン」を知っています。,hard,true
G6-330,grade 6 today night,6年生の今日の夜,6,day_week,曜日,,I know grade 6 today night.,私は「6年生の今日の夜」を知っています。,hard,true
G6-331,holiday is wind,休日は風,6,weather,天気,,I know holiday is wind.,私は「休日は風」を知っています。,hard,true
G6-332,bad ear,悪い耳,6,body,体,,I know bad ear.,私は「悪い耳」を知っています。,hard,true
G6-333,bad bedroom,悪い寝室,6,house,家の中,,I know bad bedroom.,私は「悪い寝室」を知っています。,hard,true
G6-334,farm firefighter,農場の消防士,6,job,職業,,I know farm firefighter.,私は「農場の消防士」を知っています。,hard,true
G6-335,before test calm,テスト前に落ち着いた,6,feeling,気持ち,,I know before test calm.,私は「テスト前に落ち着いた」を知っています。,hard,true
G6-336,bad sport,悪いスポーツ,6,daily_life,日常生活,,I know bad sport.,私は「悪いスポーツ」を知っています。,hard,true
G6-337,strong strawberry,強いいちご,6,fruit,果物,,I know strong strawberry.,私は「強いいちご」を知っています。,hard,true
G6-338,large rocket,大型のロケット,6,vehicle,乗り物,,I know large rocket.,私は「大型のロケット」を知っています。,hard,true
G6-339,favorite silver,好きな銀色,6,color,色,,I know favorite silver.,私は「好きな銀色」を知っています。,hard,true
G6-340,bad rabbit,悪いうさぎ,6,animal,動物,,I know bad rabbit.,私は「悪いうさぎ」を知っています。,hard,true
G6-341,bad cheese,悪いチーズ,6,food,食べ物,,I know bad cheese.,私は「悪いチーズ」を知っています。,hard,true
G6-342,strong baby,強い赤ちゃん,6,family,家族,,I know strong baby.,私は「強い赤ちゃん」を知っています。,hard,true
G6-343,bad eraser,悪い消しゴム,6,school,学校,,I know bad eraser.,私は「悪い消しゴム」を知っています。,hard,true
G6-344,grade 6 today class,6年生の今日の授業,6,day_week,曜日,,I know grade 6 today class.,私は「6年生の今日の授業」を知っています。,hard,true
G6-345,outside is wind,外は風,6,weather,天気,,I know outside is wind.,私は「外は風」を知っています。,hard,true
G6-346,bad nose,悪い鼻,6,body,体,,I know bad nose.,私は「悪い鼻」を知っています。,hard,true
G6-347,bad bathroom,悪い浴室,6,house,家の中,,I know bad bathroom.,私は「悪い浴室」を知っています。,hard,true
G6-348,library firefighter,図書館の消防士,6,job,職業,,I know library firefighter.,私は「図書館の消防士」を知っています。,hard,true
G6-349,with friends calm,友だちといて落ち着いた,6,feeling,気持ち,,I know with friends calm.,私は「友だちといて落ち着いた」を知っています。,hard,true
G6-350,bad club,悪いクラブ,6,daily_life,日常生活,,I know bad club.,私は「悪いクラブ」を知っています。,hard,true
G6-351,strong pineapple,強いパイナップル,6,fruit,果物,,I know strong pineapple.,私は「強いパイナップル」を知っています。,hard,true
G6-352,long rocket,長いロケット,6,vehicle,乗り物,,I know long rocket.,私は「長いロケット」を知っています。,hard,true
G6-353,school silver,学校で使う銀色,6,color,色,,I know school silver.,私は「学校で使う銀色」を知っています。,hard,true
G6-354,bad horse,悪い馬,6,animal,動物,,I know bad horse.,私は「悪い馬」を知っています。,hard,true
G6-355,bad meat,悪い肉,6,food,食べ物,,I know bad meat.,私は「悪い肉」を知っています。,hard,true
G6-356,strong parent,強い親,6,family,家族,,I know strong parent.,私は「強い親」を知っています。,hard,true
G6-357,bad ruler,悪いものさし,6,school,学校,,I know bad ruler.,私は「悪いものさし」を知っています。,hard,true
G6-358,grade 6 tomorrow morning,6年生の明日の朝,6,day_week,曜日,,I know grade 6 tomorrow morning.,私は「6年生の明日の朝」を知っています。,hard,true
G6-359,spring wind,春の風,6,weather,天気,,I know spring wind.,私は「春の風」を知っています。,hard,true
G6-360,bad mouth,悪い口,6,body,体,,I know bad mouth.,私は「悪い口」を知っています。,hard,true
G6-361,bad door,悪いドア,6,house,家の中,,I know bad door.,私は「悪いドア」を知っています。,hard,true
G6-362,kind firefighter,親切な消防士,6,job,職業,,I know kind firefighter.,私は「親切な消防士」を知っています。,hard,true
G6-363,at school calm,学校で落ち着いた,6,feeling,気持ち,,I know at school calm.,私は「学校で落ち着いた」を知っています。,hard,true
G6-364,bad birthday,悪い誕生日,6,daily_life,日常生活,,I know bad birthday.,私は「悪い誕生日」を知っています。,hard,true
G6-365,strong kiwi,強いキウイ,6,fruit,果物,,I know strong kiwi.,私は「強いキウイ」を知っています。,hard,true
G6-366,short rocket,短いロケット,6,vehicle,乗り物,,I know short rocket.,私は「短いロケット」を知っています。,hard,true
G6-367,basic silver,基本の銀色,6,color,色,,I know basic silver.,私は「基本の銀色」を知っています。,hard,true
G6-368,bad cow,悪い牛,6,animal,動物,,I know bad cow.,私は「悪い牛」を知っています。,hard,true
G6-369,bad chicken,悪い鶏肉,6,food,食べ物,,I know bad chicken.,私は「悪い鶏肉」を知っています。,hard,true
G6-370,strong child,強い子ども,6,family,家族,,I know strong child.,私は「強い子ども」を知っています。,hard,true
G6-371,bad notebook,悪いノート,6,school,学校,,I know bad notebook.,私は「悪いノート」を知っています。,hard,true
G6-372,grade 6 tomorrow afternoon,6年生の明日の午後,6,day_week,曜日,,I know grade 6 tomorrow afternoon.,私は「6年生の明日の午後」を知っています。,hard,true
G6-373,summer wind,夏の風,6,weather,天気,,I know summer wind.,私は「夏の風」を知っています。,hard,true
G6-374,bad tooth,悪い歯,6,body,体,,I know bad tooth.,私は「悪い歯」を知っています。,hard,true
G6-375,bad window,悪い窓,6,house,家の中,,I know bad window.,私は「悪い窓」を知っています。,hard,true
G6-376,busy firefighter,忙しい消防士,6,job,職業,,I know busy firefighter.,私は「忙しい消防士」を知っています。,hard,true
G6-377,at home calm,家で落ち着いた,6,feeling,気持ち,,I know at home calm.,私は「家で落ち着いた」を知っています。,hard,true
G6-378,bad holiday,悪い休日,6,daily_life,日常生活,,I know bad holiday.,私は「悪い休日」を知っています。,hard,true
G6-379,strong mango,強いマンゴー,6,fruit,果物,,I know strong mango.,私は「強いマンゴー」を知っています。,hard,true
G6-380,passenger rocket,乗客用のロケット,6,vehicle,乗り物,,I know passenger rocket.,私は「乗客用のロケット」を知っています。,hard,true
G6-381,pretty silver,きれいな銀色,6,color,色,,I know pretty silver.,私は「きれいな銀色」を知っています。,hard,true
G6-382,bad pig,悪いぶた,6,animal,動物,,I know bad pig.,私は「悪いぶた」を知っています。,hard,true
G6-383,bad fish,悪い魚,6,food,食べ物,,I know bad fish.,私は「悪い魚」を知っています。,hard,true
G6-384,strong family,強い家族,6,family,家族,,I know strong family.,私は「強い家族」を知っています。,hard,true
G6-385,bad desk,悪い机,6,school,学校,,I know bad desk.,私は「悪い机」を知っています。,hard,true
G6-386,grade 6 tomorrow evening,6年生の明日の夕方,6,day_week,曜日,,I know grade 6 tomorrow evening.,私は「6年生の明日の夕方」を知っています。,hard,true
G6-387,fall wind,秋の風,6,weather,天気,,I know fall wind.,私は「秋の風」を知っています。,hard,true
G6-388,bad hand,悪い手,6,body,体,,I know bad hand.,私は「悪い手」を知っています。,hard,true
G6-389,bad floor,悪い床,6,house,家の中,,I know bad floor.,私は「悪い床」を知っています。,hard,true
G6-390,new firefighter,新しい消防士,6,job,職業,,I know new firefighter.,私は「新しい消防士」を知っています。,hard,true
G6-391,on Monday calm,月曜日に落ち着いた,6,feeling,気持ち,,I know on Monday calm.,私は「月曜日に落ち着いた」を知っています。,hard,true
G6-392,bad money,悪いお金,6,daily_life,日常生活,,I know bad money.,私は「悪いお金」を知っています。,hard,true
G6-393,strong plum,強いすもも,6,fruit,果物,,I know strong plum.,私は「強いすもも」を知っています。,hard,true
G6-394,cargo rocket,荷物用のロケット,6,vehicle,乗り物,,I know cargo rocket.,私は「荷物用のロケット」を知っています。,hard,true
G6-395,simple silver,かんたんな銀色,6,color,色,,I know simple silver.,私は「かんたんな銀色」を知っています。,hard,true
G6-396,bad sheep,悪い羊,6,animal,動物,,I know bad sheep.,私は「悪い羊」を知っています。,hard,true
G6-397,bad soup,悪いスープ,6,food,食べ物,,I know bad soup.,私は「悪いスープ」を知っています。,hard,true
G6-398,strong daughter,強い娘,6,family,家族,,I know strong daughter.,私は「強い娘」を知っています。,hard,true
G6-399,bad chair,悪いいす,6,school,学校,,I know bad chair.,私は「悪いいす」を知っています。,hard,true
G6-400,grade 6 tomorrow night,6年生の明日の夜,6,day_week,曜日,,I know grade 6 tomorrow night.,私は「6年生の明日の夜」を知っています。,hard,true
G6-401,winter wind,冬の風,6,weather,天気,,I know winter wind.,私は「冬の風」を知っています。,hard,true
G6-402,bad finger,悪い指,6,body,体,,I know bad finger.,私は「悪い指」を知っています。,hard,true
G6-403,bad wall,悪い壁,6,house,家の中,,I know bad wall.,私は「悪い壁」を知っています。,hard,true
G6-404,famous firefighter,有名な消防士,6,job,職業,,I know famous firefighter.,私は「有名な消防士」を知っています。,hard,true
G6-405,in the morning calm,朝に落ち着いた,6,feeling,気持ち,,I know in the morning calm.,私は「朝に落ち着いた」を知っています。,hard,true
G6-406,bad ticket,悪い切符,6,daily_life,日常生活,,I know bad ticket.,私は「悪い切符」を知っています。,hard,true
G6-407,strong fig,強いいちじく,6,fruit,果物,,I know strong fig.,私は「強いいちじく」を知っています。,hard,true
G6-408,rescue rocket,救助用のロケット,6,vehicle,乗り物,,I know rescue rocket.,私は「救助用のロケット」を知っています。,hard,true
G6-409,new silver,新しい銀色,6,color,色,,I know new silver.,私は「新しい銀色」を知っています。,hard,true
G6-410,bad goat,悪いやぎ,6,animal,動物,,I know bad goat.,私は「悪いやぎ」を知っています。,hard,true
G6-411,bad salad,悪いサラダ,6,food,食べ物,,I know bad salad.,私は「悪いサラダ」を知っています。,hard,true
G6-412,strong son,強い息子,6,family,家族,,I know strong son.,私は「強い息子」を知っています。,hard,true
G6-413,bad classroom,悪い教室,6,school,学校,,I know bad classroom.,私は「悪い教室」を知っています。,hard,true
G6-414,grade 6 tomorrow class,6年生の明日の授業,6,day_week,曜日,,I know grade 6 tomorrow class.,私は「6年生の明日の授業」を知っています。,hard,true
G6-415,evening is wind,夕方は風,6,weather,天気,,I know evening is wind.,私は「夕方は風」を知っています。,hard,true
G6-416,bad arm,悪い腕,6,body,体,,I know bad arm.,私は「悪い腕」を知っています。,hard,true
G6-417,bad roof,悪い屋根,6,house,家の中,,I know bad roof.,私は「悪い屋根」を知っています。,hard,true
G6-418,young firefighter,若い消防士,6,job,職業,,I know young firefighter.,私は「若い消防士」を知っています。,hard,true
G6-419,at night calm,夜に落ち着いた,6,feeling,気持ち,,I know at night calm.,私は「夜に落ち着いた」を知っています。,hard,true
G6-420,bad phone,悪い電話,6,daily_life,日常生活,,I know bad phone.,私は「悪い電話」を知っています。,hard,true
G6-421,weak apple,弱いりんご,6,fruit,果物,,I know weak apple.,私は「弱いりんご」を知っています。,hard,true
G6-422,toy van,おもちゃのバン,6,vehicle,乗り物,,I know toy van.,私は「おもちゃのバン」を知っています。,hard,true
G6-423,light navy,明るい紺色,6,color,色,,I know light navy.,私は「明るい紺色」を知っています。,hard,true
G6-424,bad lion,悪いライオン,6,animal,動物,,I know bad lion.,私は「悪いライオン」を知っています。,hard,true
G6-425,bad cake,悪いケーキ,6,food,食べ物,,I know bad cake.,私は「悪いケーキ」を知っています。,hard,true
G6-426,weak mother,弱い母,6,family,家族,,I know weak mother.,私は「弱い母」を知っています。,hard,true
G6-427,bad teacher,悪い先生,6,school,学校,,I know bad teacher.,私は「悪い先生」を知っています。,hard,true
G6-428,grade 6 yesterday morning,6年生の昨日の朝,6,day_week,曜日,,I know grade 6 yesterday morning.,私は「6年生の昨日の朝」を知っています。,hard,true
G6-429,today is sky,今日は空,6,weather,天気,,I know today is sky.,私は「今日は空」を知っています。,hard,true
G6-430,bad leg,悪い脚,6,body,体,,I know bad leg.,私は「悪い脚」を知っています。,hard,true
G6-431,bad bed,悪いベッド,6,house,家の中,,I know bad bed.,私は「悪いベッド」を知っています。,hard,true
G6-432,school dentist,学校の歯医者,6,job,職業,,I know school dentist.,私は「学校の歯医者」を知っています。,hard,true
G6-433,very lonely,とてもさみしい,6,feeling,気持ち,,I know very lonely.,私は「とてもさみしい」を知っています。,hard,true
G6-434,bad photo,悪い写真,6,daily_life,日常生活,,I know bad photo.,私は「悪い写真」を知っています。,hard,true
G6-435,weak banana,弱いバナナ,6,fruit,果物,,I know weak banana.,私は「弱いバナナ」を知っています。,hard,true
G6-436,model van,模型のバン,6,vehicle,乗り物,,I know model van.,私は「模型のバン」を知っています。,hard,true
G6-437,dark navy,濃い紺色,6,color,色,,I know dark navy.,私は「濃い紺色」を知っています。,hard,true
G6-438,bad tiger,悪いトラ,6,animal,動物,,I know bad tiger.,私は「悪いトラ」を知っています。,hard,true
G6-439,bad cookie,悪いクッキー,6,food,食べ物,,I know bad cookie.,私は「悪いクッキー」を知っています。,hard,true
G6-440,weak father,弱い父,6,family,家族,,I know weak father.,私は「弱い父」を知っています。,hard,true
G6-441,bad student,悪い生徒,6,school,学校,,I know bad student.,私は「悪い生徒」を知っています。,hard,true
G6-442,grade 6 yesterday afternoon,6年生の昨日の午後,6,day_week,曜日,,I know grade 6 yesterday afternoon.,私は「6年生の昨日の午後」を知っています。,hard,true
G6-443,tomorrow is sky,明日は空,6,weather,天気,,I know tomorrow is sky.,私は「明日は空」を知っています。,hard,true
G6-444,bad foot,悪い足,6,body,体,,I know bad foot.,私は「悪い足」を知っています。,hard,true
G6-445,bad table,悪いテーブル,6,house,家の中,,I know bad table.,私は「悪いテーブル」を知っています。,hard,true
G6-446,hospital dentist,病院の歯医者,6,job,職業,,I know hospital dentist.,私は「病院の歯医者」を知っています。,hard,true
G6-447,a little lonely,少しさみしい,6,feeling,気持ち,,I know a little lonely.,私は「少しさみしい」を知っています。,hard,true
G6-448,bad letter,悪い手紙,6,daily_life,日常生活,,I know bad letter.,私は「悪い手紙」を知っています。,hard,true
G6-449,weak orange,弱いオレンジ,6,fruit,果物,,I know weak orange.,私は「弱いオレンジ」を知っています。,hard,true
G6-450,electric van,電動のバン,6,vehicle,乗り物,,I know electric van.,私は「電動のバン」を知っています。,hard,true
G6-451,deep navy,深い紺色,6,color,色,,I know deep navy.,私は「深い紺色」を知っています。,hard,true
G6-452,bad bear,悪いくま,6,animal,動物,,I know bad bear.,私は「悪いくま」を知っています。,hard,true
G6-453,bad pizza,悪いピザ,6,food,食べ物,,I know bad pizza.,私は「悪いピザ」を知っています。,hard,true
G6-454,weak sister,弱い姉妹,6,family,家族,,I know weak sister.,私は「弱い姉妹」を知っています。,hard,true
G6-455,bad homework,悪い宿題,6,school,学校,,I know bad homework.,私は「悪い宿題」を知っています。,hard,true
G6-456,grade 6 yesterday evening,6年生の昨日の夕方,6,day_week,曜日,,I know grade 6 yesterday evening.,私は「6年生の昨日の夕方」を知っています。,hard,true
G6-457,morning is sky,朝は空,6,weather,天気,,I know morning is sky.,私は「朝は空」を知っています。,hard,true
G6-458,bad shoulder,悪い肩,6,body,体,,I know bad shoulder.,私は「悪い肩」を知っています。,hard,true
G6-459,bad sofa,悪いソファ,6,house,家の中,,I know bad sofa.,私は「悪いソファ」を知っています。,hard,true
G6-460,town dentist,町の歯医者,6,job,職業,,I know town dentist.,私は「町の歯医者」を知っています。,hard,true
G6-461,still lonely,まださみしい,6,feeling,気持ち,,I know still lonely.,私は「まださみしい」を知っています。,hard,true
G6-462,bad bag,悪いかばん,6,daily_life,日常生活,,I know bad bag.,私は「悪いかばん」を知っています。,hard,true
G6-463,weak grape,弱いぶどう,6,fruit,果物,,I know weak grape.,私は「弱いぶどう」を知っています。,hard,true
G6-464,fast van,速いバン,6,vehicle,乗り物,,I know fast van.,私は「速いバン」を知っています。,hard,true
G6-465,pale navy,淡い紺色,6,color,色,,I know pale navy.,私は「淡い紺色」を知っています。,hard,true
G6-466,bad monkey,悪いさる,6,animal,動物,,I know bad monkey.,私は「悪いさる」を知っています。,hard,true
G6-467,bad noodle,悪いめん,6,food,食べ物,,I know bad noodle.,私は「悪いめん」を知っています。,hard,true
G6-468,weak brother,弱い兄弟,6,family,家族,,I know weak brother.,私は「弱い兄弟」を知っています。,hard,true
G6-469,bad question,悪い質問,6,school,学校,,I know bad question.,私は「悪い質問」を知っています。,hard,true
G6-470,grade 6 yesterday night,6年生の昨日の夜,6,day_week,曜日,,I know grade 6 yesterday night.,私は「6年生の昨日の夜」を知っています。,hard,true
G6-471,afternoon is sky,午後は空,6,weather,天気,,I know afternoon is sky.,私は「午後は空」を知っています。,hard,true
G6-472,bad knee,悪いひざ,6,body,体,,I know bad knee.,私は「悪いひざ」を知っています。,hard,true
G6-473,bad lamp,悪いランプ,6,house,家の中,,I know bad lamp.,私は「悪いランプ」を知っています。,hard,true
G6-474,airport dentist,空港の歯医者,6,job,職業,,I know airport dentist.,私は「空港の歯医者」を知っています。,hard,true
G6-475,really lonely,本当にさみしい,6,feeling,気持ち,,I know really lonely.,私は「本当にさみしい」を知っています。,hard,true
G6-476,bad umbrella,悪い傘,6,daily_life,日常生活,,I know bad umbrella.,私は「悪い傘」を知っています。,hard,true
G6-477,weak melon,弱いメロン,6,fruit,果物,,I know weak melon.,私は「弱いメロン」を知っています。,hard,true
G6-478,slow van,ゆっくりのバン,6,vehicle,乗り物,,I know slow van.,私は「ゆっくりのバン」を知っています。,hard,true
G6-479,soft navy,やわらかい紺色,6,color,色,,I know soft navy.,私は「やわらかい紺色」を知っています。,hard,true
G6-480,bad panda,悪いパンダ,6,animal,動物,,I know bad panda.,私は「悪いパンダ」を知っています。,hard,true
G6-481,bad sandwich,悪いサンドイッチ,6,food,食べ物,,I know bad sandwich.,私は「悪いサンドイッチ」を知っています。,hard,true
G6-482,weak grandmother,弱い祖母,6,family,家族,,I know weak grandmother.,私は「弱い祖母」を知っています。,hard,true
G6-483,bad lesson,悪い授業,6,school,学校,,I know bad lesson.,私は「悪い授業」を知っています。,hard,true
G6-484,grade 6 yesterday class,6年生の昨日の授業,6,day_week,曜日,,I know grade 6 yesterday class.,私は「6年生の昨日の授業」を知っています。,hard,true
G6-485,weekend is sky,週末は空,6,weather,天気,,I know weekend is sky.,私は「週末は空」を知っています。,hard,true
G6-486,bad heart,悪い心臓,6,body,体,,I know bad heart.,私は「悪い心臓」を知っています。,hard,true
G6-487,bad clock,悪い時計,6,house,家の中,,I know bad clock.,私は「悪い時計」を知っています。,hard,true
G6-488,station dentist,駅の歯医者,6,job,職業,,I know station dentist.,私は「駅の歯医者」を知っています。,hard,true
G6-489,sometimes lonely,時々さみしい,6,feeling,気持ち,,I know sometimes lonely.,私は「時々さみしい」を知っています。,hard,true
G6-490,bad key,悪い鍵,6,daily_life,日常生活,,I know bad key.,私は「悪い鍵」を知っています。,hard,true
G6-491,weak peach,弱いもも,6,fruit,果物,,I know weak peach.,私は「弱いもも」を知っています。,hard,true
G6-492,safe van,安全なバン,6,vehicle,乗り物,,I know safe van.,私は「安全なバン」を知っています。,hard,true
G6-493,bright navy,鮮やかな紺色,6,color,色,,I know bright navy.,私は「鮮やかな紺色」を知っています。,hard,true
G6-494,bad elephant,悪いぞう,6,animal,動物,,I know bad elephant.,私は「悪いぞう」を知っています。,hard,true
G6-495,bad curry,悪いカレー,6,food,食べ物,,I know bad curry.,私は「悪いカレー」を知っています。,hard,true
G6-496,weak grandfather,弱い祖父,6,family,家族,,I know weak grandfather.,私は「弱い祖父」を知っています。,hard,true
G6-497,bad test,悪いテスト,6,school,学校,,I know bad test.,私は「悪いテスト」を知っています。,hard,true
G6-498,grade 6 morning morning,6年生の朝の朝,6,day_week,曜日,,I know grade 6 morning morning.,私は「6年生の朝の朝」を知っています。,hard,true
G6-499,this week is sky,今週は空,6,weather,天気,,I know this week is sky.,私は「今週は空」を知っています。,hard,true
G6-500,bad hair,悪い髪,6,body,体,,I know bad hair.,私は「悪い髪」を知っています。,hard,true
